,DATE,INDPRO,PCEPI,PCEPI_PCA,UNRATE
0,1919-01-01,5.0124,,,
1,1919-02-01,4.7908,,,
2,1919-03-01,4.6524,,,
3,1919-04-01,4.7355,,,
4,1919-05-01,4.7632,,,
5,1919-06-01,5.0678,,,
6,1919-07-01,5.3724,,,
7,1919-08-01,5.4555,,,
8,1919-09-01,5.3447,,,
9,1919-10-01,5.2893,,,
10,1919-11-01,5.2062,,,
11,1919-12-01,5.2893,,,
12,1920-01-01,5.7878,,,
13,1920-02-01,5.7878,,,
14,1920-03-01,5.677,,,
15,1920-04-01,5.3724,,,
16,1920-05-01,5.5109,,,
17,1920-06-01,5.5663,,,
18,1920-07-01,5.4278,,,
19,1920-08-01,5.4555,,,
20,1920-09-01,5.2616,,,
21,1920-10-01,5.0401,,,
22,1920-11-01,4.6247,,,
23,1920-12-01,4.3478,,,
24,1921-01-01,4.0985,,,
25,1921-02-01,4.0155,,,
26,1921-03-01,3.9047,,,
27,1921-04-01,3.9047,,,
28,1921-05-01,4.0155,,,
29,1921-06-01,3.9878,,,
30,1921-07-01,3.9601,,,
31,1921-08-01,4.0985,,,
32,1921-09-01,4.1262,,,
33,1921-10-01,4.3755,,,
34,1921-11-01,4.3201,,,
35,1921-12-01,4.2924,,,
36,1922-01-01,4.4585,,,
37,1922-02-01,4.6524,,,
38,1922-03-01,4.9016,,,
39,1922-04-01,4.7355,,,
40,1922-05-01,4.9847,,,
41,1922-06-01,5.2339,,,
42,1922-07-01,5.2339,,,
43,1922-08-01,5.1232,,,
44,1922-09-01,5.4001,,,
45,1922-10-01,5.7047,,,
46,1922-11-01,5.9539,,,
47,1922-12-01,6.1201,,,
48,1923-01-01,5.9816,,,
49,1923-02-01,6.0647,,,
50,1923-03-01,6.2586,,,
51,1923-04-01,6.397,,,
52,1923-05-01,6.4801,,,
53,1923-06-01,6.4247,,,
54,1923-07-01,6.3693,,,
55,1923-08-01,6.2586,,,
56,1923-09-01,6.1201,,,
57,1923-10-01,6.0924,,,
58,1923-11-01,6.0924,,,
59,1923-12-01,5.9539,,,
60,1924-01-01,6.0924,,,
61,1924-02-01,6.2032,,,
62,1924-03-01,6.0924,,,
63,1924-04-01,5.8986,,,
64,1924-05-01,5.6493,,,
65,1924-06-01,5.4001,,,
66,1924-07-01,5.317,,,
67,1924-08-01,5.5109,,,
68,1924-09-01,5.7047,,,
69,1924-10-01,5.8432,,,
70,1924-11-01,5.954,,,
71,1924-12-01,6.1201,,,
72,1925-01-01,6.314,,,
73,1925-02-01,6.314,,,
74,1925-03-01,6.314,,,
75,1925-04-01,6.3693,,,
76,1925-05-01,6.3416,,,
77,1925-06-01,6.2863,,,
78,1925-07-01,6.4524,,,
79,1925-08-01,6.3416,,,
80,1925-09-01,6.2586,,,
81,1925-10-01,6.5078,,,
82,1925-11-01,6.6463,,,
83,1925-12-01,6.7293,,,
84,1926-01-01,6.6186,,,
85,1926-02-01,6.6186,,,
86,1926-03-01,6.7017,,,
87,1926-04-01,6.7017,,,
88,1926-05-01,6.6463,,,
89,1926-06-01,6.7293,,,
90,1926-07-01,6.757,,,
91,1926-08-01,6.8401,,,
92,1926-09-01,6.9509,,,
93,1926-10-01,6.9509,,,
94,1926-11-01,6.9232,,,
95,1926-12-01,6.8955,,,
96,1927-01-01,6.8678,,,
97,1927-02-01,6.9232,,,
98,1927-03-01,7.0063,,,
99,1927-04-01,6.8401,,,
100,1927-05-01,6.8955,,,
101,1927-06-01,6.8678,,,
102,1927-07-01,6.7847,,,
103,1927-08-01,6.7847,,,
104,1927-09-01,6.674,,,
105,1927-10-01,6.5355,,,
106,1927-11-01,6.5355,,,
107,1927-12-01,6.5632,,,
108,1928-01-01,6.7017,,,
109,1928-02-01,6.757,,,
110,1928-03-01,6.8124,,,
111,1928-04-01,6.7847,,,
112,1928-05-01,6.8678,,,
113,1928-06-01,6.9232,,,
114,1928-07-01,7.0063,,,
115,1928-08-01,7.1447,,,
116,1928-09-01,7.2001,,,
117,1928-10-01,7.3386,,,
118,1928-11-01,7.477,,,
119,1928-12-01,7.6155,,,
120,1929-01-01,7.7263,,,
121,1929-02-01,7.6986,,,
122,1929-03-01,7.7263,,,
123,1929-04-01,7.8648,,,
124,1929-05-01,8.0032,,,
125,1929-06-01,8.0586,,,
126,1929-07-01,8.1694,,,
127,1929-08-01,8.0863,,,
128,1929-09-01,8.0309,,,
129,1929-10-01,7.8924,,,
130,1929-11-01,7.5047,,,
131,1929-12-01,7.1724,,,
132,1930-01-01,7.1724,,,
133,1930-02-01,7.1447,,,
134,1930-03-01,7.034,,,
135,1930-04-01,6.9786,,,
136,1930-05-01,6.8678,,,
137,1930-06-01,6.674,,,
138,1930-07-01,6.3693,,,
139,1930-08-01,6.2309,,,
140,1930-09-01,6.1201,,,
141,1930-10-01,5.9539,,,
142,1930-11-01,5.8155,,,
143,1930-12-01,5.677,,,
144,1931-01-01,5.6493,,,
145,1931-02-01,5.677,,,
146,1931-03-01,5.7878,,,
147,1931-04-01,5.8155,,,
148,1931-05-01,5.7324,,,
149,1931-06-01,5.5939,,,
150,1931-07-01,5.5109,,,
151,1931-08-01,5.317,,,
152,1931-09-01,5.0678,,,
153,1931-10-01,4.8739,,,
154,1931-11-01,4.8185,,,
155,1931-12-01,4.7908,,,
156,1932-01-01,4.6524,,,
157,1932-02-01,4.5416,,,
158,1932-03-01,4.4862,,,
159,1932-04-01,4.1816,,,
160,1932-05-01,4.0431,,,
161,1932-06-01,3.9047,,,
162,1932-07-01,3.7939,,,
163,1932-08-01,3.9047,,,
164,1932-09-01,4.1539,,,
165,1932-10-01,4.2924,,,
166,1932-11-01,4.2924,,,
167,1932-12-01,4.2093,,,
168,1933-01-01,4.1262,,,
169,1933-02-01,4.1539,,,
170,1933-03-01,3.9047,,,
171,1933-04-01,4.1816,,,
172,1933-05-01,4.8739,,,
173,1933-06-01,5.6216,,,
174,1933-07-01,6.1478,,,
175,1933-08-01,5.8986,,,
176,1933-09-01,5.5663,,,
177,1933-10-01,5.2893,,,
178,1933-11-01,4.9847,,,
179,1933-12-01,5.0124,,,
180,1934-01-01,5.1785,,,
181,1934-02-01,5.4278,,,
182,1934-03-01,5.677,,,
183,1934-04-01,5.677,,,
184,1934-05-01,5.7878,,,
185,1934-06-01,5.677,,,
186,1934-07-01,5.2893,,,
187,1934-08-01,5.2339,,,
188,1934-09-01,4.9293,,,
189,1934-10-01,5.1509,,,
190,1934-11-01,5.2062,,,
191,1934-12-01,5.5386,,,
192,1935-01-01,5.9816,,,
193,1935-02-01,6.0924,,,
194,1935-03-01,6.0647,,,
195,1935-04-01,5.9539,,,
196,1935-05-01,5.9539,,,
197,1935-06-01,6.037,,,
198,1935-07-01,6.037,,,
199,1935-08-01,6.2586,,,
200,1935-09-01,6.4247,,,
201,1935-10-01,6.6186,,,
202,1935-11-01,6.757,,,
203,1935-12-01,6.8401,,,
204,1936-01-01,6.7293,,,
205,1936-02-01,6.5632,,,
206,1936-03-01,6.6463,,,
207,1936-04-01,7.0617,,,
208,1936-05-01,7.2001,,,
209,1936-06-01,7.3386,,,
210,1936-07-01,7.477,,,
211,1936-08-01,7.5878,,,
212,1936-09-01,7.7263,,,
213,1936-10-01,7.8371,,,
214,1936-11-01,8.0586,,,
215,1936-12-01,8.3078,,,
216,1937-01-01,8.2801,,,
217,1937-02-01,8.3909,,,
218,1937-03-01,8.5848,,,
219,1937-04-01,8.5848,,,
220,1937-05-01,8.6125,,,
221,1937-06-01,8.5017,,,
222,1937-07-01,8.5571,,,
223,1937-08-01,8.5017,,,
224,1937-09-01,8.2248,,,
225,1937-10-01,7.6155,,,
226,1937-11-01,6.8678,,,
227,1937-12-01,6.2586,,,
228,1938-01-01,6.1201,,,
229,1938-02-01,6.0647,,,
230,1938-03-01,6.0647,,,
231,1938-04-01,5.9539,,,
232,1938-05-01,5.8155,,,
233,1938-06-01,5.8709,,,
234,1938-07-01,6.2032,,,
235,1938-08-01,6.5355,,,
236,1938-09-01,6.7293,,,
237,1938-10-01,6.8955,,,
238,1938-11-01,7.1724,,,
239,1938-12-01,7.2555,,,
240,1939-01-01,7.2555,,,
241,1939-02-01,7.3109,,,
242,1939-03-01,7.3386,,,
243,1939-04-01,7.3109,,,
244,1939-05-01,7.2832,,,
245,1939-06-01,7.4494,,,
246,1939-07-01,7.6709,,,
247,1939-08-01,7.7817,,,
248,1939-09-01,8.2525,,,
249,1939-10-01,8.6678,,,
250,1939-11-01,8.8894,,,
251,1939-12-01,8.8894,,,
252,1940-01-01,8.7786,,,
253,1940-02-01,8.5017,,,
254,1940-03-01,8.3078,,,
255,1940-04-01,8.474,,,
256,1940-05-01,8.7232,,,
257,1940-06-01,9.0002,,,
258,1940-07-01,9.1109,,,
259,1940-08-01,9.1663,,,
260,1940-09-01,9.3602,,,
261,1940-10-01,9.4986,,,
262,1940-11-01,9.7202,,,
263,1940-12-01,10.0525,,,
264,1941-01-01,10.3017,,,
265,1941-02-01,10.6063,,,
266,1941-03-01,10.9386,,,
267,1941-04-01,10.9663,,,
268,1941-05-01,11.4648,,,
269,1941-06-01,11.5479,,,
270,1941-07-01,11.6864,,,
271,1941-08-01,11.8248,,,
272,1941-09-01,11.8248,,,
273,1941-10-01,11.9356,,,
274,1941-11-01,11.991,,,
275,1941-12-01,12.1848,,,
276,1942-01-01,12.4341,,,
277,1942-02-01,12.6556,,,
278,1942-03-01,12.7941,,,
279,1942-04-01,12.4341,,,
280,1942-05-01,12.4617,,,
281,1942-06-01,12.4895,,,
282,1942-07-01,12.7941,,,
283,1942-08-01,13.1818,,,
284,1942-09-01,13.4864,,,
285,1942-10-01,13.9295,,,
286,1942-11-01,14.2618,,,
287,1942-12-01,14.5941,,,
288,1943-01-01,14.7326,,,
289,1943-02-01,15.1203,,,
290,1943-03-01,15.231,,,
291,1943-04-01,15.4249,,,
292,1943-05-01,15.5356,,,
293,1943-06-01,15.4526,,,
294,1943-07-01,15.9233,,,
295,1943-08-01,16.2557,,,
296,1943-09-01,16.6711,,,
297,1943-10-01,16.9203,,,
298,1943-11-01,17.1418,,,
299,1943-12-01,16.9203,,,
300,1944-01-01,17.1141,,,
301,1944-02-01,17.2526,,,
302,1944-03-01,17.2249,,,
303,1944-04-01,17.2249,,,
304,1944-05-01,17.1142,,,
305,1944-06-01,17.0588,,,
306,1944-07-01,17.0311,,,
307,1944-08-01,17.2526,,,
308,1944-09-01,17.1418,,,
309,1944-10-01,17.1972,,,
310,1944-11-01,17.0588,,,
311,1944-12-01,17.0034,,,
312,1945-01-01,16.8372,,,
313,1945-02-01,16.7818,,,
314,1945-03-01,16.671,,,
315,1945-04-01,16.3664,,,
316,1945-05-01,15.9234,,,
317,1945-06-01,15.5633,,,
318,1945-07-01,15.2034,,,
319,1945-08-01,13.6249,,,
320,1945-09-01,12.4064,,,
321,1945-10-01,11.9079,,,
322,1945-11-01,12.351,,,
323,1945-12-01,12.4064,,,
324,1946-01-01,11.714,,,
325,1946-02-01,11.1325,,,
326,1946-03-01,12.2956,,,
327,1946-04-01,12.0741,,,
328,1946-05-01,11.631,,,
329,1946-06-01,12.351,,,
330,1946-07-01,12.7664,,,
331,1946-08-01,13.2371,,,
332,1946-09-01,13.4864,,,
333,1946-10-01,13.7356,,,
334,1946-11-01,13.8187,,,
335,1946-12-01,13.9018,,,
336,1947-01-01,14.0679,,,
337,1947-02-01,14.151,,,
338,1947-03-01,14.2341,,,
339,1947-04-01,14.1233,,,
340,1947-05-01,14.1787,,,
341,1947-06-01,14.1787,,,
342,1947-07-01,14.0956,,,
343,1947-08-01,14.1787,,,
344,1947-09-01,14.2895,,,
345,1947-10-01,14.4279,,,
346,1947-11-01,14.6218,,,
347,1947-12-01,14.6772,,,
348,1948-01-01,14.7603,,,3.4
349,1948-02-01,14.788,,,3.8
350,1948-03-01,14.6218,,,4.0
351,1948-04-01,14.6495,,,3.9
352,1948-05-01,14.8987,,,3.5
353,1948-06-01,15.0926,,,3.6
354,1948-07-01,15.0926,,,3.6
355,1948-08-01,15.0372,,,3.9
356,1948-09-01,14.9264,,,3.8
357,1948-10-01,15.0372,,,3.7
358,1948-11-01,14.8433,,,3.8
359,1948-12-01,14.7049,,,4.0
360,1949-01-01,14.5664,,,4.3
361,1949-02-01,14.428,,,4.7
362,1949-03-01,14.151,,,5.0
363,1949-04-01,14.0679,,,5.3
364,1949-05-01,13.8741,,,6.1
365,1949-06-01,13.8464,,,6.2
366,1949-07-01,13.8187,,,6.7
367,1949-08-01,13.9572,,,6.8
368,1949-09-01,14.0956,,,6.6
369,1949-10-01,13.5695,,,7.9
370,1949-11-01,13.9295,,,6.4
371,1949-12-01,14.1787,,,6.6
372,1950-01-01,14.4279,,,6.5
373,1950-02-01,14.4833,,,6.4
374,1950-03-01,14.9541,,,6.3
375,1950-04-01,15.4526,,,5.8
376,1950-05-01,15.8126,,,5.5
377,1950-06-01,16.2834,,,5.4
378,1950-07-01,16.8095,,,5.0
379,1950-08-01,17.3357,,,4.5
380,1950-09-01,17.2249,,,4.4
381,1950-10-01,17.3357,,,4.2
382,1950-11-01,17.308,,,4.2
383,1950-12-01,17.6126,,,4.3
384,1951-01-01,17.668,,,3.7
385,1951-02-01,17.7788,,,3.4
386,1951-03-01,17.8618,,,3.4
387,1951-04-01,17.8895,,,3.1
388,1951-05-01,17.8342,,,3.0
389,1951-06-01,17.7511,,,3.2
390,1951-07-01,17.4741,,,3.1
391,1951-08-01,17.308,,,3.1
392,1951-09-01,17.4188,,,3.3
393,1951-10-01,17.3911,,,3.5
394,1951-11-01,17.5295,,,3.5
395,1951-12-01,17.6403,,,3.1
396,1952-01-01,17.8341,,,3.2
397,1952-02-01,17.9449,,,3.1
398,1952-03-01,18.0003,,,2.9
399,1952-04-01,17.8341,,,2.9
400,1952-05-01,17.668,,,3.0
401,1952-06-01,17.5018,,,3.0
402,1952-07-01,17.2249,,,3.2
403,1952-08-01,18.3326,,,3.4
404,1952-09-01,18.9972,,,3.1
405,1952-10-01,19.1911,,,3.0
406,1952-11-01,19.5788,,,2.8
407,1952-12-01,19.6896,,,2.7
408,1953-01-01,19.7449,,,2.9
409,1953-02-01,19.8557,,,2.6
410,1953-03-01,20.0219,,,2.6
411,1953-04-01,20.105,,,2.7
412,1953-05-01,20.2157,,,2.5
413,1953-06-01,20.1326,,,2.5
414,1953-07-01,20.3819,,,2.6
415,1953-08-01,20.2711,,,2.7
416,1953-09-01,19.8557,,,2.9
417,1953-10-01,19.6896,,,3.1
418,1953-11-01,19.2188,,,3.5
419,1953-12-01,18.748,,,4.5
420,1954-01-01,18.6095,,,4.9
421,1954-02-01,18.6649,,,5.2
422,1954-03-01,18.5542,,,5.7
423,1954-04-01,18.4434,,,5.9
424,1954-05-01,18.5542,,,5.9
425,1954-06-01,18.6096,,,5.6
426,1954-07-01,18.6372,,,5.8
427,1954-08-01,18.6095,,,6.0
428,1954-09-01,18.6372,,,6.1
429,1954-10-01,18.8588,,,5.7
430,1954-11-01,19.1634,,,5.3
431,1954-12-01,19.4126,,,5.0
432,1955-01-01,19.8557,,,4.9
433,1955-02-01,20.105,,,4.7
434,1955-03-01,20.5757,,,4.6
435,1955-04-01,20.825,,,4.7
436,1955-05-01,21.1573,,,4.3
437,1955-06-01,21.185,,,4.2
438,1955-07-01,21.3511,,,4.0
439,1955-08-01,21.3234,,,4.2
440,1955-09-01,21.4619,,,4.1
441,1955-10-01,21.8219,,,4.3
442,1955-11-01,21.8773,,,4.2
443,1955-12-01,21.9604,,,4.2
444,1956-01-01,22.0988,,,4.0
445,1956-02-01,21.905,,,3.9
446,1956-03-01,21.905,,,4.2
447,1956-04-01,22.0712,,,4.0
448,1956-05-01,21.8773,,,4.3
449,1956-06-01,21.6835,,,4.3
450,1956-07-01,21.0188,,,4.4
451,1956-08-01,21.8773,,,4.1
452,1956-09-01,22.3758,,,3.9
453,1956-10-01,22.5696,,,3.9
454,1956-11-01,22.3758,,,4.3
455,1956-12-01,22.7081,,,4.2
456,1957-01-01,22.625,,,4.2
457,1957-02-01,22.8466,,,3.9
458,1957-03-01,22.8189,,,3.7
459,1957-04-01,22.5142,,,3.9
460,1957-05-01,22.4312,,,4.1
461,1957-06-01,22.4866,,,4.3
462,1957-07-01,22.625,,,4.2
463,1957-08-01,22.625,,,4.1
464,1957-09-01,22.4312,,,4.4
465,1957-10-01,22.0988,,,4.5
466,1957-11-01,21.5727,,,5.1
467,1957-12-01,21.1573,,,5.2
468,1958-01-01,20.7696,,,5.8
469,1958-02-01,20.3265,,,6.4
470,1958-03-01,20.0773,,,6.7
471,1958-04-01,19.745,,,7.4
472,1958-05-01,19.9388,,,7.4
473,1958-06-01,20.465,,,7.3
474,1958-07-01,20.7696,,,7.5
475,1958-08-01,21.185,,,7.4
476,1958-09-01,21.3788,,,7.1
477,1958-10-01,21.6281,,,6.7
478,1958-11-01,22.265,,,6.2
479,1958-12-01,22.2927,,,6.2
480,1959-01-01,22.625,16.074,,6.0
481,1959-02-01,23.0681,16.089000000000002,1.1255899999999999,5.9
482,1959-03-01,23.4004,16.1,0.8235299999999999,5.6
483,1959-04-01,23.8989,16.132,2.41134,5.2
484,1959-05-01,24.2589,16.14,0.59672,5.1
485,1959-06-01,24.2866,16.186,3.4742,5.0
486,1959-07-01,23.705,16.22,2.55002,5.1
487,1959-08-01,22.9019,16.244,1.7901099999999999,5.2
488,1959-09-01,22.8743,16.285999999999998,3.14719,5.5
489,1959-10-01,22.7081,16.326,2.98746,5.7
490,1959-11-01,22.8466,16.336,0.73751,5.8
491,1959-12-01,24.2589,16.355,1.40465,5.3
492,1960-01-01,24.8958,16.346,-0.65835,5.2
493,1960-02-01,24.6743,16.363,1.25518,4.8
494,1960-03-01,24.4528,16.372,0.66203,5.4
495,1960-04-01,24.2589,16.432000000000002,4.48749,5.2
496,1960-05-01,24.2312,16.449,1.2485700000000002,5.1
497,1960-06-01,23.9266,16.456,0.5118699999999999,5.4
498,1960-07-01,23.8435,16.485,2.13535,5.5
499,1960-08-01,23.8158,16.512999999999998,2.05737,5.6
500,1960-09-01,23.5666,16.523,0.7291300000000001,5.5
501,1960-10-01,23.5389,16.542,1.38866,6.1
502,1960-11-01,23.2066,16.598,4.13889,6.1
503,1960-12-01,22.7635,16.601,0.21711,6.6
504,1961-01-01,22.7912,16.604,0.21706999999999999,6.6
505,1961-02-01,22.7635,16.62,1.1625,6.9
506,1961-03-01,22.902,16.61,-0.71964,6.9
507,1961-04-01,23.3727,16.6,-0.72007,7.0
508,1961-05-01,23.7327,16.609,0.65255,7.1
509,1961-06-01,24.065,16.617,0.57953,6.9
510,1961-07-01,24.342,16.653,2.63095,7.0
511,1961-08-01,24.5635,16.667,1.0135,6.6
512,1961-09-01,24.5358,16.686,1.37658,6.7
513,1961-10-01,25.0066,16.685,-0.07189,6.5
514,1961-11-01,25.3943,16.686,0.07194,6.1
515,1961-12-01,25.6158,16.69,0.28805,6.0
516,1962-01-01,25.3943,16.721,2.25179,5.8
517,1962-02-01,25.8097,16.767,3.35165,5.5
518,1962-03-01,25.9482,16.789,1.5859299999999998,5.6
519,1962-04-01,26.0035,16.808,1.3665200000000002,5.6
520,1962-05-01,25.9758,16.817999999999998,0.71629,5.5
521,1962-06-01,25.9205,16.829,0.7877,5.5
522,1962-07-01,26.1697,16.819000000000003,-0.71073,5.4
523,1962-08-01,26.1974,16.844,1.79835,5.7
524,1962-09-01,26.3635,16.927,6.076,5.6
525,1962-10-01,26.3912,16.909000000000002,-1.26863,5.4
526,1962-11-01,26.502,16.922,0.9265,5.7
527,1962-12-01,26.502,16.914,-0.56584,5.5
528,1963-01-01,26.6958,16.956,3.02081,5.7
529,1963-02-01,27.0005,16.974,1.28135,5.9
530,1963-03-01,27.1666,16.961,-0.91519,5.7
531,1963-04-01,27.4159,16.96,-0.07073,5.7
532,1963-05-01,27.7482,16.987000000000002,1.9271900000000002,5.9
533,1963-06-01,27.8313,17.024,2.6453,5.6
534,1963-07-01,27.7205,17.058,2.42312,5.6
535,1963-08-01,27.7759,17.081,1.63006,5.4
536,1963-09-01,28.0528,17.078,-0.21056,5.5
537,1963-10-01,28.2466,17.111,2.3435799999999998,5.5
538,1963-11-01,28.3851,17.135,1.6961700000000002,5.7
539,1963-12-01,28.3297,17.160999999999998,1.83611,5.5
540,1964-01-01,28.579,17.197,2.54658,5.6
541,1964-02-01,28.7728,17.221,1.68763,5.4
542,1964-03-01,28.7728,17.230999999999998,0.69905,5.4
543,1964-04-01,29.2436,17.245,0.97936,5.3
544,1964-05-01,29.4098,17.246,0.06961,5.1
545,1964-06-01,29.4928,17.271,1.75347,5.2
546,1964-07-01,29.6867,17.293,1.5393299999999999,4.9
547,1964-08-01,29.8805,17.305999999999997,0.90584,5.0
548,1964-09-01,29.9913,17.333,1.8883299999999998,5.1
549,1964-10-01,29.5759,17.343,0.69452,5.1
550,1964-11-01,30.4898,17.368,1.7435900000000002,4.8
551,1964-12-01,30.8498,17.393,1.7410599999999998,5.0
552,1965-01-01,31.1821,17.412,1.3187799999999998,4.9
553,1965-02-01,31.376,17.419,0.48349,5.1
554,1965-03-01,31.7913,17.442,1.5960299999999998,4.7
555,1965-04-01,31.9298,17.469,1.87348,4.8
556,1965-05-01,32.179,17.508,2.71217,4.6
557,1965-06-01,32.4283,17.559,3.5521,4.6
558,1965-07-01,32.7329,17.572,0.8920600000000001,4.4
559,1965-08-01,32.8713,17.576,0.2735,4.4
560,1965-09-01,32.9544,17.584,0.54757,4.3
561,1965-10-01,33.2868,17.59,0.41023000000000004,4.2
562,1965-11-01,33.4252,17.62,2.06592,4.1
563,1965-12-01,33.8406,17.684,4.44682,4.0
564,1966-01-01,34.1729,17.704,1.36563,4.0
565,1966-02-01,34.3945,17.778,5.13275,3.8
566,1966-03-01,34.8652,17.820999999999998,2.94139,3.8
567,1966-04-01,34.9206,17.883,4.255669999999999,3.8
568,1966-05-01,35.2529,17.905,1.48629,3.9
569,1966-06-01,35.4191,17.95,3.05796,3.8
570,1966-07-01,35.6129,17.984,2.29681,3.8
571,1966-08-01,35.6406,18.053,4.7025,3.8
572,1966-09-01,35.9729,18.11,3.85534,3.7
573,1966-10-01,36.2221,18.158,3.2273400000000003,3.7
574,1966-11-01,35.9729,18.185,1.799,3.6
575,1966-12-01,36.056,18.222,2.46908,3.8
576,1967-01-01,36.2261,18.224,0.13179000000000002,3.9
577,1967-02-01,35.8152,18.245,1.3915899999999999,3.8
578,1967-03-01,35.6133,18.255,0.6597,3.8
579,1967-04-01,35.9492,18.285,1.9899900000000001,3.8
580,1967-05-01,35.6356,18.32,2.3213,3.8
581,1967-06-01,35.6311,18.379,3.93382,3.9
582,1967-07-01,35.55,18.441,4.12406,3.8
583,1967-08-01,36.2311,18.499000000000002,3.84018,3.8
584,1967-09-01,36.1723,18.555,3.69372,3.8
585,1967-10-01,36.4669,18.605999999999998,3.34862,4.0
586,1967-11-01,36.9884,18.668,4.07282,3.9
587,1967-12-01,37.3868,18.698,1.94557,3.8
588,1968-01-01,37.3465,18.784000000000002,5.66109,3.7
589,1968-02-01,37.4804,18.861,5.03151,3.8
590,1968-03-01,37.5974,18.923,4.01675,3.7
591,1968-04-01,37.6518,18.982,3.80631,3.5
592,1968-05-01,38.0741,19.052,4.51611,3.5
593,1968-06-01,38.214,19.113,3.9105,3.7
594,1968-07-01,38.1554,19.171,3.7029,3.7
595,1968-08-01,38.2619,19.25,5.0586,3.5
596,1968-09-01,38.4068,19.317,4.25751,3.4
597,1968-10-01,38.483,19.402,5.41001,3.4
598,1968-11-01,38.9808,19.467,4.09511,3.4
599,1968-12-01,39.1039,19.508,2.5568400000000002,3.4
600,1969-01-01,39.3405,19.584,4.77649,3.4
601,1969-02-01,39.5922,19.633,3.04411,3.4
602,1969-03-01,39.9027,19.726,5.83476,3.4
603,1969-04-01,39.7559,19.812,5.35896,3.4
604,1969-05-01,39.6056,19.892,4.954619999999999,3.4
605,1969-06-01,39.9925,19.989,6.01112,3.5
606,1969-07-01,40.2037,20.076,5.34973,3.5
607,1969-08-01,40.2961,20.132,3.39911,3.5
608,1969-09-01,40.287,20.215999999999998,5.123469999999999,3.7
609,1969-10-01,40.2988,20.285,4.17353,3.7
610,1969-11-01,39.9189,20.372,5.269819999999999,3.5
611,1969-12-01,39.8118,20.465,5.61777,3.5
612,1970-01-01,39.0746,20.539,4.42646,3.9
613,1970-02-01,39.0488,20.62,4.836469999999999,4.2
614,1970-03-01,38.9981,20.671999999999997,3.06852,4.4
615,1970-04-01,38.8979,20.776,6.2070300000000005,4.6
616,1970-05-01,38.8525,20.842,3.87941,4.8
617,1970-06-01,38.7269,20.896,3.1538,4.9
618,1970-07-01,38.8219,20.973000000000003,4.512630000000001,5.0
619,1970-08-01,38.7527,21.028000000000002,3.1926900000000002,5.1
620,1970-09-01,38.4856,21.122,5.49815,5.4
621,1970-10-01,37.7157,21.226999999999997,6.1311800000000005,5.5
622,1970-11-01,37.4873,21.31,4.79437,5.9
623,1970-12-01,38.3482,21.405,5.48274,6.1
624,1971-01-01,38.6432,21.45,2.55215,5.9
625,1971-02-01,38.5695,21.513,3.5819699999999997,5.9
626,1971-03-01,38.5278,21.584,4.03308,6.0
627,1971-04-01,38.7441,21.669,4.82944,5.9
628,1971-05-01,38.9407,21.759,5.09952,5.9
629,1971-06-01,39.104,21.855,5.42474,5.9
630,1971-07-01,38.9905,21.921,3.6846900000000002,6.0
631,1971-08-01,38.7642,21.985,3.5603,6.1
632,1971-09-01,39.3942,22.018,1.81617,6.0
633,1971-10-01,39.6891,22.052,1.86885,5.8
634,1971-11-01,39.8576,22.096999999999998,2.47643,6.0
635,1971-12-01,40.3177,22.184,4.82829,6.0
636,1972-01-01,41.2876,22.275,5.03506,5.8
637,1972-02-01,41.6865,22.363000000000003,4.84512,5.7
638,1972-03-01,41.9746,22.395,1.7307,5.8
639,1972-04-01,42.4183,22.429000000000002,1.83712,5.7
640,1972-05-01,42.3963,22.478,2.65334,5.7
641,1972-06-01,42.5166,22.513,1.88458,5.7
642,1972-07-01,42.498,22.593000000000004,4.34854,5.6
643,1972-08-01,43.0629,22.659000000000002,3.56239,5.6
644,1972-09-01,43.3918,22.76,5.48197,5.5
645,1972-10-01,43.9718,22.785999999999998,1.37947,5.6
646,1972-11-01,44.4919,22.854,3.64051,5.3
647,1972-12-01,45.0015,22.927,3.90109,5.2
648,1973-01-01,45.2942,22.996,3.67185,4.9
649,1973-02-01,45.9656,23.116999999999997,6.50011,5.0
650,1973-03-01,45.9872,23.28,8.79728,4.9
651,1973-04-01,45.9237,23.454,9.34712,5.0
652,1973-05-01,46.2192,23.569000000000003,6.04515,4.9
653,1973-06-01,46.2509,23.704,7.0941600000000005,4.9
654,1973-07-01,46.4421,23.79,4.44163,4.8
655,1973-08-01,46.3648,24.064,14.730929999999999,4.8
656,1973-09-01,46.7803,24.16,4.893680000000001,4.8
657,1973-10-01,47.0954,24.296,6.9680800000000005,4.6
658,1973-11-01,47.3445,24.495,10.28387,4.8
659,1973-12-01,47.2315,24.697,10.35731,4.9
660,1974-01-01,46.8994,24.934,12.14322,5.1
661,1974-02-01,46.7538,25.224,14.88519,5.2
662,1974-03-01,46.7685,25.517,14.865039999999999,5.1
663,1974-04-01,46.6069,25.697,8.801210000000001,5.1
664,1974-05-01,46.9743,25.95,12.47584,5.1
665,1974-06-01,46.9233,26.17,10.661439999999999,5.4
666,1974-07-01,46.9464,26.363000000000003,9.21776,5.5
667,1974-08-01,46.4907,26.639,13.3123,5.5
668,1974-09-01,46.5136,26.916,13.21689,5.9
669,1974-10-01,46.3401,27.108,8.90391,6.0
670,1974-11-01,44.8209,27.311999999999998,9.413860000000001,6.6
671,1974-12-01,43.234,27.528000000000002,9.91422,7.2
672,1975-01-01,42.6409,27.698,7.6676,8.1
673,1975-02-01,41.6602,27.849,6.74175,8.1
674,1975-03-01,41.2135,27.943,4.12646,8.6
675,1975-04-01,41.246,28.039,4.20148,8.8
676,1975-05-01,41.1515,28.15,4.85534,9.0
677,1975-06-01,41.4224,28.326,7.76611,8.8
678,1975-07-01,41.8234,28.569000000000003,10.794310000000001,8.6
679,1975-08-01,42.2573,28.693,5.3346,8.4
680,1975-09-01,42.7796,28.835,6.10307,8.4
681,1975-10-01,42.9687,29.003,7.21995,8.4
682,1975-11-01,43.0614,29.189,7.973089999999999,8.3
683,1975-12-01,43.5973,29.35,6.8234699999999995,8.2
684,1976-01-01,44.2288,29.462,4.67656,7.9
685,1976-02-01,44.6725,29.5,1.5587799999999998,7.7
686,1976-03-01,44.7125,29.544,1.8045900000000001,7.6
687,1976-04-01,44.9643,29.611,2.75557,7.7
688,1976-05-01,45.1741,29.752,5.866140000000001,7.4
689,1976-06-01,45.183,29.881999999999998,5.37121,7.6
690,1976-07-01,45.4535,30.033,6.23525,7.8
691,1976-08-01,45.7737,30.199,6.8381,7.8
692,1976-09-01,45.9031,30.369,6.968310000000001,7.6
693,1976-10-01,45.9207,30.528000000000002,6.46683,7.7
694,1976-11-01,46.5978,30.666999999999998,5.60276,7.8
695,1976-12-01,47.0854,30.839000000000002,6.941910000000001,7.8
696,1977-01-01,46.8276,31.017,7.150460000000001,7.5
697,1977-02-01,47.5417,31.26,9.817160000000001,7.6
698,1977-03-01,48.131,31.416999999999998,6.1961699999999995,7.4
699,1977-04-01,48.5838,31.6,7.21818,7.2
700,1977-05-01,48.9891,31.76,6.2480400000000005,7.0
701,1977-06-01,49.3428,31.936999999999998,6.8965,7.2
702,1977-07-01,49.412,32.103,6.41871,6.9
703,1977-08-01,49.4259,32.253,5.75331,7.0
704,1977-09-01,49.6639,32.374,4.5959699999999994,6.8
705,1977-10-01,49.7592,32.524,5.70392,6.8
706,1977-11-01,49.8117,32.711999999999996,7.161239999999999,6.8
707,1977-12-01,49.8949,32.87,5.95252,6.4
708,1978-01-01,49.2066,33.064,7.31693,6.4
709,1978-02-01,49.4502,33.218,5.73458,6.3
710,1978-03-01,50.3928,33.433,8.04941,6.3
711,1978-04-01,51.4368,33.686,9.4685,6.1
712,1978-05-01,51.6276,33.927,8.93117,6.0
713,1978-06-01,51.9833,34.149,8.141,5.9
714,1978-07-01,51.9592,34.336,6.7727699999999995,6.2
715,1978-08-01,52.1543,34.509,6.2165300000000006,5.9
716,1978-09-01,52.286,34.705999999999996,7.06962,6.0
717,1978-10-01,52.7054,34.981,9.93397,5.8
718,1978-11-01,53.1047,35.18,7.04426,5.9
719,1978-12-01,53.3886,35.345,5.77568,6.0
720,1979-01-01,53.0453,35.611,9.41433,5.9
721,1979-02-01,53.3303,35.802,6.629510000000001,5.9
722,1979-03-01,53.4973,36.080999999999996,9.762839999999999,5.8
723,1979-04-01,52.8938,36.457,13.24743,5.8
724,1979-05-01,53.3187,36.835,13.17668,5.6
725,1979-06-01,53.3157,37.138000000000005,10.330110000000001,5.7
726,1979-07-01,53.2433,37.422,9.572560000000001,5.7
727,1979-08-01,52.8899,37.708,9.56657,6.0
728,1979-09-01,52.9486,38.041,11.12739,5.9
729,1979-10-01,53.239,38.351,10.229339999999999,6.0
730,1979-11-01,53.1918,38.617,8.64808,5.9
731,1979-12-01,53.2603,38.942,10.580010000000001,6.0
732,1980-01-01,53.5037,39.349000000000004,13.288379999999998,6.3
733,1980-02-01,53.5053,39.775999999999996,13.82794,6.3
734,1980-03-01,53.3294,40.264,15.757660000000001,6.3
735,1980-04-01,52.2336,40.475,6.47295,6.9
736,1980-05-01,50.9638,40.79,9.749410000000001,7.5
737,1980-06-01,50.3348,41.047,7.82826,7.6
738,1980-07-01,49.9462,41.365,9.7032,7.8
739,1980-08-01,50.1256,41.711000000000006,10.512369999999999,7.7
740,1980-09-01,50.9386,42.096000000000004,11.65617,7.5
741,1980-10-01,51.5813,42.434,10.07221,7.5
742,1980-11-01,52.4717,42.778999999999996,10.20464,7.5
743,1980-12-01,52.7685,43.056999999999995,8.08307,7.2
744,1981-01-01,52.4668,43.47,12.1374,7.5
745,1981-02-01,52.226,43.91,12.845839999999999,7.4
746,1981-03-01,52.5025,44.216,8.69065,7.4
747,1981-04-01,52.2691,44.409,5.36552,7.2
748,1981-05-01,52.5803,44.608999999999995,5.5402,7.5
749,1981-06-01,52.8284,44.787,4.894769999999999,7.5
750,1981-07-01,53.1751,45.056999999999995,7.47899,7.2
751,1981-08-01,53.1679,45.338,7.74597,7.4
752,1981-09-01,52.8514,45.613,7.52646,7.6
753,1981-10-01,52.4949,45.82,5.583819999999999,7.9
754,1981-11-01,51.894,46.065,6.608510000000001,8.3
755,1981-12-01,51.3274,46.208,3.7894400000000004,8.5
756,1982-01-01,50.3043,46.483000000000004,7.38008,8.6
757,1982-02-01,51.3016,46.622,3.64802,8.9
758,1982-03-01,50.9104,46.742,3.1327700000000003,9.0
759,1982-04-01,50.4627,46.766000000000005,0.6178899999999999,9.3
760,1982-05-01,50.138,47.043,7.34391,9.4
761,1982-06-01,49.9692,47.38399999999999,9.05373,9.6
762,1982-07-01,49.8138,47.665,7.353089999999999,9.8
763,1982-08-01,49.3773,47.813,3.7903,9.8
764,1982-09-01,49.226,47.946000000000005,3.38955,10.1
765,1982-10-01,48.7874,48.215,6.944260000000001,10.4
766,1982-11-01,48.592,48.358999999999995,3.64341,10.8
767,1982-12-01,48.2424,48.431999999999995,1.82657,10.8
768,1983-01-01,49.1762,48.659,5.77166,10.4
769,1983-02-01,48.8688,48.74100000000001,2.04109,10.4
770,1983-03-01,49.2654,48.803999999999995,1.56213,10.3
771,1983-04-01,49.8675,49.027,5.62308,10.2
772,1983-05-01,50.2084,49.166000000000004,3.4557599999999997,10.1
773,1983-06-01,50.5089,49.349,4.559080000000001,10.1
774,1983-07-01,51.2733,49.626999999999995,6.97345,9.4
775,1983-08-01,51.8454,49.84,5.27376,9.5
776,1983-09-01,52.6303,50.013999999999996,4.27079,9.2
777,1983-10-01,53.0679,50.099,2.0586,8.8
778,1983-11-01,53.2534,50.17,1.71395,8.5
779,1983-12-01,53.5343,50.198,0.67178,8.3
780,1984-01-01,54.6008,50.416000000000004,5.33766,8.0
781,1984-02-01,54.835,50.755,8.37406,7.8
782,1984-03-01,55.1052,50.922,4.02062,7.8
783,1984-04-01,55.4514,51.115,4.64415,7.7
784,1984-05-01,55.7141,51.18,1.53669,7.4
785,1984-06-01,55.9085,51.271,2.15464,7.2
786,1984-07-01,56.0842,51.455,4.39256,7.5
787,1984-08-01,56.1376,51.613,3.74764,7.5
788,1984-09-01,56.0382,51.683,1.63969,7.3
789,1984-10-01,55.9459,51.805,2.86972,7.4
790,1984-11-01,56.1667,51.876999999999995,1.6806,7.2
791,1984-12-01,56.2296,52.023,3.42999,7.3
792,1985-01-01,56.1398,52.283,6.16498,7.3
793,1985-02-01,56.3323,52.527,5.7463,7.2
794,1985-03-01,56.4232,52.732,4.78515,7.2
795,1985-04-01,56.2693,52.808,1.74328,7.3
796,1985-05-01,56.3488,52.934,2.90108,7.2
797,1985-06-01,56.3901,53.078,3.3137300000000005,7.4
798,1985-07-01,56.0234,53.208,2.97899,7.4
799,1985-08-01,56.2555,53.38399999999999,4.04234,7.1
800,1985-09-01,56.4983,53.474,2.0419400000000003,7.1
801,1985-10-01,56.2648,53.563,2.01562,7.1
802,1985-11-01,56.4549,53.718999999999994,3.55148,7.0
803,1985-12-01,57.0458,53.9,4.11904,7.0
804,1986-01-01,57.3104,54.148,5.66322,6.7
805,1986-02-01,56.9344,54.148,0.0,7.2
806,1986-03-01,56.542,54.028999999999996,-2.60557,7.2
807,1986-04-01,56.5599,53.918,-2.43768,7.1
808,1986-05-01,56.6823,54.016999999999996,2.22573,7.2
809,1986-06-01,56.4976,54.218,4.55779,7.2
810,1986-07-01,56.814,54.231,0.28811,7.0
811,1986-08-01,56.7381,54.3,1.5375299999999998,6.9
812,1986-09-01,56.8532,54.477,3.9825,7.0
813,1986-10-01,57.1191,54.575,2.1802,7.0
814,1986-11-01,57.3792,54.673,2.17624,6.9
815,1986-12-01,57.8623,54.746,1.6140700000000001,6.6
816,1987-01-01,57.685,55.001999999999995,5.75796,6.6
817,1987-02-01,58.4399,55.195,4.29298,6.6
818,1987-03-01,58.516,55.341,3.22079,6.6
819,1987-04-01,58.8851,55.547,4.55945,6.3
820,1987-05-01,59.2653,55.688,3.0889599999999997,6.3
821,1987-06-01,59.5409,55.898999999999994,4.64272,6.2
822,1987-07-01,59.9536,56.028,2.8047,6.1
823,1987-08-01,60.4517,56.25,4.85977,6.0
824,1987-09-01,60.6069,56.43899999999999,4.10735,5.9
825,1987-10-01,61.491,56.618,3.8729699999999996,6.0
826,1987-11-01,61.8137,56.726000000000006,2.31319,5.8
827,1987-12-01,62.119,56.831,2.24396,5.7
828,1988-01-01,62.1469,57.051,4.74554,5.7
829,1988-02-01,62.4169,57.135,1.78122,5.7
830,1988-03-01,62.5418,57.332,4.21694,5.7
831,1988-04-01,62.8959,57.611000000000004,5.998530000000001,5.4
832,1988-05-01,62.8223,57.778,3.5345,5.6
833,1988-06-01,62.9823,58.023999999999994,5.230569999999999,5.4
834,1988-07-01,63.0093,58.306000000000004,5.99052,5.4
835,1988-08-01,63.2723,58.479,3.61921,5.6
836,1988-09-01,63.099,58.763999999999996,6.00759,5.4
837,1988-10-01,63.4122,58.956,3.992,5.4
838,1988-11-01,63.5128,59.092,2.80356,5.3
839,1988-12-01,63.8233,59.277,3.8222199999999997,5.3
840,1989-01-01,64.0153,59.581,6.33075,5.4
841,1989-02-01,63.7242,59.778999999999996,4.06155,5.2
842,1989-03-01,63.8691,60.001999999999995,4.56949,5.0
843,1989-04-01,63.9124,60.402,8.299660000000001,5.2
844,1989-05-01,63.4884,60.622,4.45934,5.2
845,1989-06-01,63.5187,60.755,2.66471,5.3
846,1989-07-01,62.9354,60.9,2.9018599999999997,5.2
847,1989-08-01,63.5168,60.907,0.13802,5.2
848,1989-09-01,63.2954,61.043,2.71265,5.3
849,1989-10-01,63.2542,61.281000000000006,4.78031,5.3
850,1989-11-01,63.4616,61.415,2.65577,5.4
851,1989-12-01,63.8467,61.593,3.53396,5.4
852,1990-01-01,63.4228,62.06,9.48761,5.4
853,1990-02-01,64.0446,62.333,5.40837,5.3
854,1990-03-01,64.358,62.568000000000005,4.61909,5.2
855,1990-04-01,64.2602,62.699,2.5416,5.4
856,1990-05-01,64.3973,62.84,2.73224,5.4
857,1990-06-01,64.6041,63.118,5.43981,5.2
858,1990-07-01,64.5205,63.273999999999994,3.00652,5.5
859,1990-08-01,64.7326,63.695,8.28309,5.7
860,1990-09-01,64.8145,64.086,7.62022,5.9
861,1990-10-01,64.3274,64.453,7.09265,5.9
862,1990-11-01,63.5753,64.53399999999999,1.51854,6.2
863,1990-12-01,63.1594,64.595,1.1402,6.3
864,1991-01-01,62.8852,64.84,4.64759,6.4
865,1991-02-01,62.4462,64.873,0.61245,6.6
866,1991-03-01,62.119,64.887,0.25928,6.8
867,1991-04-01,62.2415,65.00399999999999,2.18535,6.7
868,1991-05-01,62.8646,65.274,5.0997699999999995,6.9
869,1991-06-01,63.4372,65.384,2.04109,6.9
870,1991-07-01,63.5128,65.487,1.90684,6.8
871,1991-08-01,63.5671,65.639,2.82112,6.9
872,1991-09-01,64.133,65.865,4.21084,6.9
873,1991-10-01,64.0213,65.98899999999999,2.28271,7.0
874,1991-11-01,63.948,66.133,2.65028,7.0
875,1991-12-01,63.6937,66.29899999999999,3.05405,7.3
876,1992-01-01,63.3374,66.389,1.6412,7.3
877,1992-02-01,63.7911,66.557,3.07927,7.4
878,1992-03-01,64.3212,66.718,2.94171,7.4
879,1992-04-01,64.8088,66.899,3.30451,7.4
880,1992-05-01,65.0202,66.987,1.58997,7.6
881,1992-06-01,65.0295,67.107,2.17098,7.8
882,1992-07-01,65.6172,67.328,4.02427,7.7
883,1992-08-01,65.2943,67.418,1.6159299999999999,7.6
884,1992-09-01,65.446,67.528,1.9756,7.6
885,1992-10-01,65.9369,67.767,4.33078,7.3
886,1992-11-01,66.2174,67.9,2.38072,7.4
887,1992-12-01,66.2772,68.018,2.10547,7.4
888,1993-01-01,66.5643,68.184,2.96827,7.3
889,1993-02-01,66.8594,68.28699999999999,1.82788,7.1
890,1993-03-01,66.7658,68.42699999999999,2.48814,7.0
891,1993-04-01,67.0,68.609,3.23883,7.1
892,1993-05-01,66.7674,68.821,3.77164,7.1
893,1993-06-01,66.8781,68.845,0.41928000000000004,7.0
894,1993-07-01,67.0845,68.954,1.91655,6.9
895,1993-08-01,67.014,69.072,2.07298,6.8
896,1993-09-01,67.3345,69.14399999999999,1.25807,6.7
897,1993-10-01,67.8515,69.362,3.84971,6.8
898,1993-11-01,68.1326,69.493,2.29006,6.6
899,1993-12-01,68.5054,69.509,0.27664,6.5
900,1994-01-01,68.7648,69.532,0.39779000000000003,6.6
901,1994-02-01,68.7836,69.693,2.8142400000000003,6.6
902,1994-03-01,69.4766,69.885,3.3564800000000004,6.5
903,1994-04-01,69.8703,69.968,1.43455,6.4
904,1994-05-01,70.2281,70.069,1.74604,6.1
905,1994-06-01,70.6763,70.241,2.98576,6.1
906,1994-07-01,70.7846,70.462,3.8416,6.1
907,1994-08-01,71.2053,70.623,2.77662,6.0
908,1994-09-01,71.4767,70.702,1.35063,5.9
909,1994-10-01,72.082,70.822,2.0558400000000003,5.8
910,1994-11-01,72.5263,70.957,2.31156,5.6
911,1994-12-01,73.2879,71.003,0.78072,5.5
912,1995-01-01,73.4219,71.146,2.44375,5.6
913,1995-02-01,73.3025,71.27199999999999,2.14603,5.4
914,1995-03-01,73.4081,71.404,2.24525,5.4
915,1995-04-01,73.3612,71.592,3.2056400000000003,5.8
916,1995-05-01,73.6104,71.702,1.8594400000000002,5.6
917,1995-06-01,73.8602,71.77199999999999,1.17783,5.6
918,1995-07-01,73.5664,71.862,1.51519,5.7
919,1995-08-01,74.495,72.017,2.61922,5.7
920,1995-09-01,74.7937,72.066,0.8195399999999999,5.6
921,1995-10-01,74.7017,72.253,3.15864,5.5
922,1995-11-01,74.8897,72.251,-0.03321,5.6
923,1995-12-01,75.1755,72.39,2.3332,5.6
924,1996-01-01,74.6841,72.551,2.7017700000000002,5.6
925,1996-02-01,75.8344,72.665,1.90195,5.5
926,1996-03-01,75.7631,72.884,3.67715,5.5
927,1996-04-01,76.4562,73.10300000000001,3.66592,5.6
928,1996-05-01,77.0161,73.229,2.08803,5.6
929,1996-06-01,77.6669,73.22800000000001,-0.016390000000000002,5.3
930,1996-07-01,77.5662,73.383,2.5697900000000002,5.5
931,1996-08-01,78.016,73.453,1.1507,5.1
932,1996-09-01,78.5532,73.66,3.4346699999999997,5.2
933,1996-10-01,78.5065,73.883,3.69401,5.2
934,1996-11-01,79.1996,74.015,2.16512,5.4
935,1996-12-01,79.7143,74.1,1.38684,5.4
936,1997-01-01,79.8273,74.196,1.56578,5.3
937,1997-02-01,80.793,74.352,2.5524299999999998,5.2
938,1997-03-01,81.334,74.43,1.26617,5.2
939,1997-04-01,81.3531,74.503,1.18331,5.1
940,1997-05-01,81.8293,74.469,-0.5462600000000001,4.9
941,1997-06-01,82.2285,74.565,1.55797,5.0
942,1997-07-01,82.8557,74.609,0.71041,4.9
943,1997-08-01,83.7214,74.669,0.96931,4.8
944,1997-09-01,84.4651,74.84899999999999,2.9314299999999998,4.9
945,1997-10-01,85.1918,74.946,1.56626,4.7
946,1997-11-01,85.9397,74.95,0.06406,4.6
947,1997-12-01,86.2047,74.934,-0.25587,4.7
948,1998-01-01,86.6474,74.971,0.59413,4.6
949,1998-02-01,86.7612,74.932,-0.62246,4.6
950,1998-03-01,86.8198,74.944,0.19234,4.7
951,1998-04-01,87.1411,75.03699999999999,1.49932,4.3
952,1998-05-01,87.6952,75.14,1.6596799999999998,4.4
953,1998-06-01,87.145,75.07600000000001,-1.01732,4.5
954,1998-07-01,86.8423,75.262,3.01383,4.5
955,1998-08-01,88.6247,75.366,1.67087,4.5
956,1998-09-01,88.4515,75.322,-0.69834,4.6
957,1998-10-01,89.1677,75.487,2.66062,4.5
958,1998-11-01,89.1098,75.491,0.06361,4.4
959,1998-12-01,89.4407,75.567,1.2148,4.4
960,1999-01-01,89.8594,75.705,2.21358,4.3
961,1999-02-01,90.3386,75.687,-0.28495,4.4
962,1999-03-01,90.4819,75.74600000000001,0.93945,4.2
963,1999-04-01,90.7274,76.096,5.6879599999999995,4.3
964,1999-05-01,91.352,76.134,0.6008899999999999,4.2
965,1999-06-01,91.1994,76.15,0.25248000000000004,4.3
966,1999-07-01,91.7766,76.352,3.23005,4.3
967,1999-08-01,92.1629,76.486,2.12648,4.2
968,1999-09-01,91.774,76.75399999999999,4.2866800000000005,4.2
969,1999-10-01,92.9979,76.876,1.9241599999999999,4.1
970,1999-11-01,93.4371,76.943,1.05087,4.1
971,1999-12-01,94.1593,77.128,2.92371,4.0
972,2000-01-01,94.1758,77.348,3.47709,4.0
973,2000-02-01,94.4557,77.597,3.9322,4.1
974,2000-03-01,94.798,77.928,5.24057,4.0
975,2000-04-01,95.4808,77.851,-1.17929,3.8
976,2000-05-01,95.6435,77.906,0.85108,4.0
977,2000-06-01,95.7353,78.161,3.9993,4.0
978,2000-07-01,95.5906,78.34899999999999,2.92484,4.0
979,2000-08-01,95.3112,78.34,-0.13776,4.1
980,2000-09-01,95.679,78.676,5.26996,3.9
981,2000-10-01,95.397,78.78699999999999,1.70622,3.9
982,2000-11-01,95.4229,78.888,1.54922,3.9
983,2000-12-01,95.1573,78.991,1.57808,3.9
984,2001-01-01,94.5448,79.348,5.56027,4.2
985,2001-02-01,93.9398,79.458,1.6763,4.2
986,2001-03-01,93.7201,79.462,0.06043,4.3
987,2001-04-01,93.4469,79.605,2.18103,4.4
988,2001-05-01,92.876,79.818,3.25853,4.3
989,2001-06-01,92.3208,79.962,2.18654,4.5
990,2001-07-01,91.7933,79.935,-0.40444,4.6
991,2001-08-01,91.6795,79.929,-0.09004,4.9
992,2001-09-01,91.3289,79.663,-3.92125,5.0
993,2001-10-01,90.9315,79.952,4.44126,5.3
994,2001-11-01,90.486,79.903,-0.73297,5.5
995,2001-12-01,90.5073,79.819,-1.25426,5.7
996,2002-01-01,91.0794,79.87899999999999,0.9057799999999999,5.7
997,2002-02-01,91.0553,80.01100000000001,2.0011200000000002,5.7
998,2002-03-01,91.798,80.233,3.3808300000000004,5.7
999,2002-04-01,92.1771,80.58,5.31513,5.9
1000,2002-05-01,92.5668,80.637,0.85216,5.8
1001,2002-06-01,93.4476,80.735,1.4681799999999998,5.8
1002,2002-07-01,93.2237,80.89699999999999,2.43463,5.8
1003,2002-08-01,93.2359,81.048,2.26302,5.7
1004,2002-09-01,93.3654,81.191,2.13793,5.7
1005,2002-10-01,93.0834,81.342,2.25475,5.7
1006,2002-11-01,93.5693,81.423,1.2015200000000001,5.9
1007,2002-12-01,93.1103,81.494,1.05142,6.0
1008,2003-01-01,93.8198,81.71600000000001,3.3183800000000003,5.8
1009,2003-02-01,93.9532,82.039,4.84775,5.9
1010,2003-03-01,93.7358,82.227,2.78484,5.9
1011,2003-04-01,93.0657,82.06299999999999,-2.36729,6.0
1012,2003-05-01,93.0918,81.95299999999999,-1.59671,6.1
1013,2003-06-01,93.2476,82.03,1.13332,6.3
1014,2003-07-01,93.6582,82.26299999999999,3.4622699999999997,6.2
1015,2003-08-01,93.5246,82.529,3.94999,6.1
1016,2003-09-01,94.0751,82.773,3.6061099999999997,6.1
1017,2003-10-01,94.2079,82.76700000000001,-0.08695,6.0
1018,2003-11-01,94.9338,82.87,1.5036100000000001,5.8
1019,2003-12-01,94.8662,83.064,2.84567,5.7
1020,2004-01-01,95.1085,83.412,5.1449300000000004,5.7
1021,2004-02-01,95.6847,83.60799999999999,2.8564700000000003,5.6
1022,2004-03-01,95.2088,83.74600000000001,1.99875,5.8
1023,2004-04-01,95.6385,83.898,2.1998900000000003,5.6
1024,2004-05-01,96.3966,84.17200000000001,3.99021,5.6
1025,2004-06-01,95.6019,84.415,3.51988,5.6
1026,2004-07-01,96.3385,84.499,1.20066,5.5
1027,2004-08-01,96.4095,84.546,0.66951,5.4
1028,2004-09-01,96.4907,84.714,2.41073,5.4
1029,2004-10-01,97.4094,85.07700000000001,5.26494,5.5
1030,2004-11-01,97.6137,85.40299999999999,4.69634,5.4
1031,2004-12-01,98.3318,85.446,0.60587,5.4
1032,2005-01-01,98.7845,85.556,1.55582,5.3
1033,2005-02-01,99.4639,85.791,3.34634,5.4
1034,2005-03-01,99.3061,86.038,3.5101400000000003,5.2
1035,2005-04-01,99.4734,86.266,3.22675,5.2
1036,2005-05-01,99.6033,86.30799999999999,0.58581,5.1
1037,2005-06-01,99.9853,86.35700000000001,0.6834100000000001,5.0
1038,2005-07-01,99.6692,86.72200000000001,5.19155,5.0
1039,2005-08-01,99.9435,87.069,4.90864,4.9
1040,2005-09-01,98.0779,87.905,12.15025,5.0
1041,2005-10-01,99.3149,88.038,1.8307799999999999,5.0
1042,2005-11-01,100.3216,87.85,-2.53265,5.0
1043,2005-12-01,100.9437,87.851,0.01366,4.9
1044,2006-01-01,101.0627,88.279,6.00549,4.7
1045,2006-02-01,101.0669,88.323,0.59975,4.8
1046,2006-03-01,101.2751,88.473,2.0571200000000003,4.7
1047,2006-04-01,101.6813,88.85,5.23498,4.7
1048,2006-05-01,101.579,89.07,3.0121,4.6
1049,2006-06-01,101.9693,89.285,2.9353599999999997,4.6
1050,2006-07-01,101.9319,89.601,4.33073,4.7
1051,2006-08-01,102.3327,89.885,3.87054,4.7
1052,2006-09-01,102.1252,89.646,-3.1444900000000002,4.5
1053,2006-10-01,102.0668,89.428,-2.8794299999999997,4.4
1054,2006-11-01,101.9688,89.461,0.44371000000000005,4.5
1055,2006-12-01,103.0292,89.789,4.4895,4.4
1056,2007-01-01,102.4933,90.109,4.36153,4.6
1057,2007-02-01,103.5264,90.39399999999999,3.8621300000000005,4.5
1058,2007-03-01,103.7521,90.715,4.3455699999999995,4.4
1059,2007-04-01,104.4814,90.906,2.55606,4.5
1060,2007-05-01,104.5322,91.16,3.4049199999999997,4.4
1061,2007-06-01,104.5617,91.352,2.55691,4.6
1062,2007-07-01,104.5227,91.499,1.9481700000000002,4.7
1063,2007-08-01,104.7556,91.55799999999999,0.77653,4.6
1064,2007-09-01,105.1611,91.90100000000001,4.5893,4.7
1065,2007-10-01,104.7171,92.162,3.46176,4.7
1066,2007-11-01,105.3338,92.64200000000001,6.43204,4.7
1067,2007-12-01,105.3457,92.855,2.7941700000000003,5.0
1068,2008-01-01,105.0619,93.102,3.2391900000000002,5.0
1069,2008-02-01,104.7094,93.29799999999999,2.55572,4.9
1070,2008-03-01,104.4616,93.587,3.78111,5.1
1071,2008-04-01,103.6704,93.785,2.5685700000000002,5.0
1072,2008-05-01,103.0863,94.206,5.5218,5.4
1073,2008-06-01,102.8445,94.876,8.87637,5.6
1074,2008-07-01,102.3002,95.285,5.2975,5.8
1075,2008-08-01,100.7353,95.204,-1.01534,6.1
1076,2008-09-01,96.3666,95.307,1.3060200000000002,6.1
1077,2008-10-01,97.2832,94.727,-7.06318,6.5
1078,2008-11-01,96.0605,93.64299999999999,-12.89995,6.8
1079,2008-12-01,93.2521,93.139,-6.27077,7.3
1080,2009-01-01,91.0373,93.17299999999999,0.43893999999999994,7.8
1081,2009-02-01,90.4502,93.363,2.4746900000000003,8.3
1082,2009-03-01,89.016,93.28399999999999,-1.01068,8.7
1083,2009-04-01,88.3056,93.432,1.9205599999999998,9.0
1084,2009-05-01,87.4155,93.546,1.47403,9.4
1085,2009-06-01,87.0742,94.1,7.34277,9.5
1086,2009-07-01,88.0323,94.10600000000001,0.07654,9.5
1087,2009-08-01,89.019,94.37799999999999,3.5241,9.6
1088,2009-09-01,89.6926,94.536,2.02754,9.8
1089,2009-10-01,89.9797,94.899,4.70634,10.0
1090,2009-11-01,90.3375,95.135,3.0253799999999997,9.9
1091,2009-12-01,90.6132,95.175,0.50571,9.9
1092,2010-01-01,91.6642,95.366,2.43495,9.8
1093,2010-02-01,91.994,95.351,-0.18858,9.8
1094,2010-03-01,92.5993,95.46799999999999,1.48243,9.9
1095,2010-04-01,92.9436,95.507,0.49132,9.9
1096,2010-05-01,94.2997,95.527,0.25158,9.6
1097,2010-06-01,94.4397,95.47399999999999,-0.66375,9.4
1098,2010-07-01,94.8536,95.556,1.0355299999999998,9.4
1099,2010-08-01,95.1448,95.684,1.61933,9.5
1100,2010-09-01,95.3637,95.773,1.1219,9.5
1101,2010-10-01,95.1109,96.057,3.61703,9.4
1102,2010-11-01,95.1383,96.238,2.28474,9.8
1103,2010-12-01,96.0599,96.456,2.75238,9.3
1104,2011-01-01,95.9364,96.774,4.02874,9.1
1105,2011-02-01,95.5154,97.054,3.52779,9.0
1106,2011-03-01,96.4643,97.446,4.95592,9.0
1107,2011-04-01,96.1187,97.854,5.14165,9.1
1108,2011-05-01,96.3377,98.15299999999999,3.72894,9.0
1109,2011-06-01,96.6154,98.13600000000001,-0.20764000000000002,9.1
1110,2011-07-01,97.1292,98.316,2.22337,9.0
1111,2011-08-01,97.6731,98.555,2.95644,9.0
1112,2011-09-01,97.6494,98.699,1.7674900000000002,9.0
1113,2011-10-01,98.3222,98.705,0.07297000000000001,8.8
1114,2011-11-01,98.2433,98.90799999999999,2.49607,8.6
1115,2011-12-01,98.7876,98.965,0.69375,8.5
1116,2012-01-01,99.3925,99.32,4.3905,8.3
1117,2012-02-01,99.6203,99.556,2.88895,8.3
1118,2012-03-01,99.1551,99.73700000000001,2.20363,8.2
1119,2012-04-01,99.9006,99.87299999999999,1.6486299999999998,8.2
1120,2012-05-01,100.0924,99.755,-1.40862,8.2
1121,2012-06-01,100.0728,99.70100000000001,-0.64766,8.2
1122,2012-07-01,100.3354,99.738,0.44623999999999997,8.2
1123,2012-08-01,99.856,100.07,4.06841,8.1
1124,2012-09-01,99.9049,100.37799999999999,3.7565800000000005,7.8
1125,2012-10-01,100.1167,100.67200000000001,3.5718900000000002,7.8
1126,2012-11-01,100.5991,100.605,-0.79572,7.7
1127,2012-12-01,100.9542,100.595,-0.11921,7.9
1128,2013-01-01,100.8204,100.78200000000001,2.25368,8.0
1129,2013-02-01,101.3995,101.149,4.458419999999999,7.7
1130,2013-03-01,101.8114,101.015,-1.5782,7.5
1131,2013-04-01,101.6364,100.94,-0.88733,7.6
1132,2013-05-01,101.7476,101.006,0.78745,7.5
1133,2013-06-01,101.9549,101.226,2.64525,7.5
1134,2013-07-01,101.5204,101.351,1.49194,7.3
1135,2013-08-01,102.1907,101.50299999999999,1.8146099999999998,7.2
1136,2013-09-01,102.717,101.545,0.49767,7.2
1137,2013-10-01,102.5371,101.711,1.97943,7.2
1138,2013-11-01,102.8379,101.865,1.83212,6.9
1139,2013-12-01,103.1504,102.065,2.38167,6.7
1140,2014-01-01,102.7216,102.25399999999999,2.2448900000000003,6.6
1141,2014-02-01,103.5917,102.30799999999999,0.63556,6.7
1142,2014-03-01,104.5889,102.509,2.3832299999999997,6.7
1143,2014-04-01,104.6371,102.698,2.23506,6.2
1144,2014-05-01,105.0152,102.866,1.9808,6.3
1145,2014-06-01,105.4081,102.976,1.2908,6.1
1146,2014-07-01,105.6157,103.12799999999999,1.78574,6.2
1147,2014-08-01,105.4986,103.11,-0.20925,6.1
1148,2014-09-01,105.8138,103.132,0.25634,5.9
1149,2014-10-01,105.8357,103.103,-0.33691,5.7
1150,2014-11-01,106.6634,103.021,-0.9502200000000001,5.8
1151,2014-12-01,106.5085,102.852,-1.95087,5.6
1152,2015-01-01,105.9806,102.35700000000001,-5.62484,5.7
1153,2015-02-01,105.4425,102.51799999999999,1.90393,5.5
1154,2015-03-01,105.1464,102.751,2.76168,5.4
1155,2015-04-01,104.5272,102.803,0.6089899999999999,5.4
1156,2015-05-01,104.0742,103.064,3.0895099999999998,5.6
1157,2015-06-01,103.7174,103.277,2.5084,5.3
1158,2015-07-01,104.3243,103.389,1.30914,5.2
1159,2015-08-01,104.1621,103.39200000000001,0.03483,5.1
1160,2015-09-01,103.7768,103.235,-1.80705,5.0
1161,2015-10-01,103.3976,103.236,0.01162,5.0
1162,2015-11-01,102.6866,103.294,0.6762699999999999,5.1
1163,2015-12-01,102.1014,103.23,-0.74098,5.0
1164,2016-01-01,102.9525,103.287,0.66461,4.9
1165,2016-02-01,102.2225,103.21799999999999,-0.79871,4.9
1166,2016-03-01,101.4155,103.385,1.9588900000000002,5.0
1167,2016-04-01,101.5167,103.72200000000001,3.9824900000000003,5.0
1168,2016-05-01,101.4298,103.904,2.12607,4.8
1169,2016-06-01,101.8747,104.104,2.3344400000000003,4.9
1170,2016-07-01,102.1325,104.199,1.10057,4.8
1171,2016-08-01,102.0407,104.363,1.90513,4.9
1172,2016-09-01,102.0477,104.47,1.23728,5.0
1173,2016-10-01,102.2485,104.708,2.76831,4.9
1174,2016-11-01,102.0507,104.75200000000001,0.50543,4.7
1175,2016-12-01,102.9281,104.976,2.59646,4.7
1176,2017-01-01,103.0366,105.336,4.19374,4.7
1177,2017-02-01,102.6479,105.42,0.96115,4.7
1178,2017-03-01,103.343,105.309,-1.25623,4.4
1179,2017-04-01,104.2721,105.546,2.7343,4.4
1180,2017-05-01,104.4129,105.56,0.15929000000000001,4.4
1181,2017-06-01,104.5849,105.68,1.37271,4.3
1182,2017-07-01,104.5427,105.758,0.8893,4.3
1183,2017-08-01,104.0475,105.995,2.72255,4.4
1184,2017-09-01,104.0502,106.345,4.03521,4.2
1185,2017-10-01,105.6287,106.538,2.1996900000000004,4.1
1186,2017-11-01,106.193,106.73899999999999,2.28762,4.2
1187,2017-12-01,106.536,106.92200000000001,2.07687,4.1
1188,2018-01-01,106.2655,107.223,3.43096,4.1
1189,2018-02-01,106.6419,107.42299999999999,2.26143,4.1
1190,2018-03-01,107.2519,107.555,1.48455,4.0
1191,2018-04-01,108.2223,107.765,2.3683099999999997,3.9
1192,2018-05-01,107.3639,108.01700000000001,2.84248,3.8
1193,2018-06-01,108.1707,108.182,1.8485200000000002,4.0
1194,2018-07-01,108.652,108.353,1.9133799999999999,3.9
1195,2018-08-01,109.5246,108.39,0.41053999999999996,3.8
1196,2018-09-01,109.6749,108.49600000000001,1.17987,3.7
1197,2018-10-01,109.9165,108.71,2.39275,3.8
1198,2018-11-01,110.5067,108.77600000000001,0.73098,3.7
1199,2018-12-01,110.5516,108.83,0.59735,3.9
1200,2019-01-01,110.1185,108.73899999999999,-0.9988,4.0
1201,2019-02-01,109.5775,108.835,1.0645799999999999,3.8
1202,2019-03-01,109.6868,109.064,2.55435,3.8
1203,2019-04-01,109.1754,109.369,3.4079300000000003,3.6
1204,2019-05-01,109.6352,109.514,1.6026,3.6
1205,2019-06-01,109.5965,109.646,1.45602,3.7
