,Unnamed: 0,DATE,DFEDTAR,DFEDTARL,DFEDTARU,DFF,INDPRO,PCEPI,UNRATE,TRY_3M,TRY-2Y,TRY-10Y,FF1_COMDTY,FF2_COMDTY,end_date,event_type
0,8,1982-10-05,10.0,,,10.27,,,,8.44,11.42,11.69,,,1982-10-05,Meeting
1,50,1982-11-16,9.5,,,9.56,,,,8.70,9.90,10.67,,,1982-11-16,Meeting
2,85,1982-12-21,8.5,,,8.39,,,,8.17,9.54,10.54,,,1982-12-21,Meeting
3,109,1983-01-14,8.5,,,8.43,,,,7.79,9.09,10.28,,,1983-01-14,Conference Call
4,116,1983-01-21,8.5,,,8.28,,,,8.29,9.46,10.61,,,1983-01-21,Conference Call
5,123,1983-01-28,8.5,,,8.39,,,,8.26,9.47,10.71,,,1983-01-28,Conference Call
6,135,1983-02-09,8.5,,,8.58,,,,8.55,9.89,11.00,,,1983-02-09,Meeting
7,183,1983-03-29,8.5,,,8.96,,,,8.97,9.88,10.60,,,1983-03-29,Meeting
8,214,1983-04-29,8.625,,,8.84,,,,8.38,9.35,10.27,,,1983-04-29,Conference Call
9,239,1983-05-24,8.625,,,8.72,,,,8.80,9.75,10.56,,,1983-05-24,Meeting
10,269,1983-06-23,8.75,,,9.06,,,,9.31,10.33,10.90,,,1983-06-23,Conference Call
11,289,1983-07-13,9.0,,,9.39,,,,9.47,10.71,11.40,,,1983-07-13,Meeting
12,330,1983-08-23,9.5,,,9.32,,,,9.56,10.79,11.57,,,1983-08-23,Meeting
13,346,1983-09-08,9.5,,,9.53,,,,9.48,10.95,11.77,,,1983-09-08,Conference Call
14,372,1983-10-04,9.375,,,9.55,,,,9.00,10.56,11.46,,,1983-10-04,Meeting
15,414,1983-11-15,9.375,,,9.5,,,,9.13,10.66,11.70,,,1983-11-15,Meeting
16,449,1983-12-20,9.375,,,9.43,,,,9.41,10.87,11.86,,,1983-12-20,Meeting
17,491,1984-01-31,9.375,,,9.35,,,,9.26,10.58,11.67,,,1984-01-31,Meeting
18,540,1984-03-20,9.375,,,10.25,,,,10.20,11.45,12.44,,,1984-03-20,Conference Call
19,547,1984-03-27,9.375,,,9.62,,,,10.17,11.58,12.46,,,1984-03-27,Meeting
20,603,1984-05-22,10.5,,,10.73,,,,10.45,12.58,13.52,,,1984-05-22,Meeting
21,659,1984-07-17,11.0,,,11.4,,,,10.61,12.93,13.37,,,1984-07-17,Meeting
22,694,1984-08-21,11.5,,,11.83,,,,10.85,12.41,12.62,,,1984-08-21,Meeting
23,736,1984-10-02,11.0,,,11.42,,,,10.67,12.07,12.54,,,1984-10-02,Meeting
24,772,1984-11-07,10.0,,,9.35,,,,8.86,10.80,11.72,,,1984-11-07,Meeting
25,813,1984-12-18,8.75,,,6.93,,,,8.08,9.85,11.29,,,1984-12-18,Meeting
26,844,1985-01-18,8.125,,,8.1,,,,8.00,9.91,11.39,,,1985-01-18,Conference Call
27,870,1985-02-13,8.25,,,8.61,,,,8.53,10.03,11.39,,,1985-02-13,Meeting
28,911,1985-03-26,8.375,,,7.99,,,,8.64,10.63,11.77,,,1985-03-26,Meeting
29,967,1985-05-21,7.75,,,7.65,,,,7.54,9.11,10.60,,,1985-05-21,Meeting
30,1017,1985-07-10,7.75,,,7.7,,,,7.16,8.55,10.07,,,1985-07-10,Meeting
31,1058,1985-08-20,7.75,,,7.67,,,,7.35,8.86,10.20,,,1985-08-20,Meeting
32,1092,1985-09-23,8.0,,,7.92,,,,7.12,8.89,10.39,,,1985-09-23,Conference Call
33,1100,1985-10-01,8.0,,,8.26,56.2648,53.563,7.1,7.26,8.83,10.29,,,1985-10-01,Meeting
34,1135,1985-11-05,8.0,,,8.29,,,,7.48,8.69,9.93,,,1985-11-05,Meeting
35,1177,1985-12-17,8.0,,,7.93,,,,7.23,7.94,9.04,,,1985-12-17,Meeting
36,1234,1986-02-12,7.75,,,8.03,,,,7.34,8.08,8.91,,,1986-02-12,Meeting
37,1282,1986-04-01,7.25,,,7.49,56.5599,53.918,7.1,6.52,6.89,7.37,,,1986-04-01,Meeting
38,1302,1986-04-21,6.75,,,7.0,,,,6.04,6.46,7.04,,,1986-04-21,Conference Call
39,1331,1986-05-20,6.75,,,6.86,,,,6.42,7.23,7.88,,,1986-05-20,Meeting
40,1381,1986-07-09,6.875,,,6.8,,,,6.05,6.73,7.31,,,1986-07-09,Meeting
41,1422,1986-08-19,6.375,,,6.32,,,,5.72,6.29,7.02,,,1986-08-19,Meeting
42,1457,1986-09-23,5.875,,,5.75,,,,5.40,6.46,7.58,,,1986-09-23,Meeting
43,1500,1986-11-05,5.875,,,6.55,,,,5.40,6.26,7.24,,,1986-11-05,Meeting
44,1541,1986-12-16,5.875,,,6.48,,,,5.74,6.29,7.12,,,1986-12-16,Meeting
45,1598,1987-02-11,6.0,,,6.17,,,,6.03,6.58,7.37,,,1987-02-11,Meeting
46,1610,1987-02-23,6.0,,,6.06,,,,5.59,6.35,7.23,,,1987-02-23,Conference Call
47,1646,1987-03-31,6.0,,,6.23,,,,5.79,6.54,7.51,,,1987-03-31,Meeting
48,1675,1987-04-29,6.0,,,6.87,,,,5.89,7.43,8.35,,,1987-04-29,Conference Call
49,1695,1987-05-19,6.5,,,6.67,,,,5.96,7.99,8.89,,,1987-05-19,Meeting
50,1744,1987-07-07,6.625,,,6.72,,,,5.78,7.36,8.28,,,1987-07-07,Meeting
51,1786,1987-08-18,6.625,,,6.7,,,,6.21,7.71,8.73,,,1987-08-18,Meeting
52,1821,1987-09-22,7.25,,,7.54,,,,6.73,8.31,9.37,,,1987-09-22,Meeting
53,1848,1987-10-19,7.3125,,,7.61,,,,6.67,8.93,10.15,,,1987-10-19,Conference Call
54,1849,1987-10-20,7.3125,,,7.07,,,,6.05,8.09,9.40,,,1987-10-20,Conference Call
55,1859,1987-10-30,7.3125,,,6.62,,,,5.45,7.58,8.88,,,1987-10-30,Conference Call
56,1863,1987-11-03,7.3125,,,6.06,,,,5.81,7.67,8.91,,,1987-11-03,Meeting
57,1906,1987-12-16,6.8125,,,5.52,,,,6.13,7.89,9.00,,,1987-12-16,Meeting
58,1926,1988-01-05,6.8125,,,7.34,,,,6.12,7.76,8.76,,,1988-01-05,Conference Call
59,1962,1988-02-10,6.625,,,5.72,,,,5.79,7.07,8.11,,,1988-02-10,Meeting
60,2010,1988-03-29,6.5,,,6.57,,,,5.91,7.42,8.56,,,1988-03-29,Meeting
61,2059,1988-05-17,7.0,,,6.98,,,,6.49,7.99,9.12,,,1988-05-17,Meeting
62,2103,1988-06-30,7.4375,,,8.27,,,,6.77,8.02,8.82,,,1988-06-30,Meeting
63,2122,1988-07-19,7.6875,,,7.79,,,,6.90,8.32,9.10,,,1988-07-19,Conference Call
64,2150,1988-08-16,8.125,,,8.22,,,,7.29,8.72,9.35,,,1988-08-16,Meeting
65,2185,1988-09-20,8.125,,,8.06,,,,7.44,8.45,8.97,,,1988-09-20,Meeting
66,2212,1988-10-17,8.125,,,8.37,,,,7.58,8.33,8.79,,,1988-10-17,Conference Call
67,2227,1988-11-01,8.125,,,8.35,63.5128,59.092,5.3,7.58,8.25,8.68,,,1988-11-01,Meeting
68,2248,1988-11-22,8.375,,,8.4,,,,8.28,8.88,9.09,,,1988-11-22,Conference Call
69,2270,1988-12-14,8.375,,,8.51,,,,8.41,9.20,9.19,91.1,90.86,1988-12-14,Meeting
70,2326,1989-02-08,9.0,,,9.38,,,,8.84,9.21,8.95,90.76,90.61,1989-02-08,Meeting
71,2374,1989-03-28,9.75,,,9.88,,,,9.41,9.86,9.41,90.12,89.78,1989-03-28,Meeting
72,2423,1989-05-16,9.75,,,9.76,,,,8.52,8.95,8.82,90.18,90.27,1989-05-16,Meeting
73,2438,1989-05-31,9.8125,,,10.48,,,,8.92,8.82,8.60,90.2,90.32,1989-05-31,Conference Call
74,2443,1989-06-05,9.8125,,,9.64,,,,8.54,8.44,8.36,90.44,90.7,1989-06-05,Conference Call
75,2474,1989-07-06,9.5625,,,9.46,,,,8.03,7.94,8.08,90.72,91.07,1989-07-06,Meeting
76,2494,1989-07-26,9.3125,,,8.86,,,,8.30,7.75,8.02,90.74,91.08,1989-07-26,Conference Call
77,2521,1989-08-22,9.0625,,,8.92,,,,8.33,8.43,8.29,91.0,91.06,1989-08-22,Meeting
78,2563,1989-10-03,9.0625,,,9.08,,,,8.05,8.39,8.23,91.04,91.12,1989-10-03,Meeting
79,2576,1989-10-16,9.0625,,,8.63,,,,7.70,7.85,7.98,91.21,91.43,1989-10-16,Conference Call
80,2577,1989-10-17,9.0625,,,8.7,,,,7.68,7.83,8.00,91.18,91.46,1989-10-17,Conference Call
81,2578,1989-10-18,9.0625,,,8.75,,,,7.75,7.83,8.01,91.18,91.42,1989-10-18,Conference Call
82,2605,1989-11-14,8.5,,,8.44,,,,7.92,7.75,7.87,91.46,91.54,1989-11-14,Meeting
83,2640,1989-12-19,8.5,,,8.5,,,,7.93,7.72,7.78,91.37,91.67,1989-12-19,Meeting
84,2690,1990-02-07,8.25,,,8.22,,,,8.08,8.42,8.52,91.78,91.77,1990-02-07,Meeting
85,2738,1990-03-27,8.25,,,8.26,,,,8.17,8.59,8.52,91.72,91.71,1990-03-27,Meeting
86,2753,1990-04-11,8.25,,,8.2,,,,8.03,8.56,8.63,91.72,91.71,1990-04-11,Conference Call
87,2787,1990-05-15,8.25,,,8.34,,,,7.91,8.54,8.65,91.76,91.75,1990-05-15,Meeting
88,2836,1990-07-03,8.25,,,8.32,,,,7.96,8.20,8.40,91.78,91.84,1990-07-03,Meeting
89,2885,1990-08-21,8.0,,,8.0,,,,7.83,8.19,8.84,91.9,92.05,1990-08-21,Meeting
90,2902,1990-09-07,8.0,,,8.13,,,,7.63,8.04,8.81,91.97,92.15,1990-09-07,Conference Call
91,2912,1990-09-17,8.0,,,8.04,,,,7.61,8.05,8.90,91.92,92.13,1990-09-17,Conference Call
92,2927,1990-10-02,8.0,,,8.32,,,,7.41,7.92,8.69,92.07,92.19,1990-10-02,Meeting
93,2969,1990-11-13,7.75,,,8.0,,,,7.27,7.60,8.37,92.22,92.25,1990-11-13,Meeting
94,2993,1990-12-07,7.25,,,7.25,,,,7.10,7.33,8.03,92.52,92.68,1990-12-07,Conference Call
95,3004,1990-12-18,7.25,,,7.37,,,,6.94,7.28,7.99,92.46,92.75,1990-12-18,Meeting
96,3026,1991-01-09,6.75,,,5.88,,,,6.44,7.10,8.25,93.25,93.26,1991-01-09,Conference Call
97,3049,1991-02-01,6.25,,,6.3,62.4462,64.873,6.6,6.17,6.83,7.91,93.62,93.63,1991-02-01,Conference Call
98,3054,1991-02-06,6.25,,,5.57,,,,6.08,6.82,7.79,93.73,93.69,1991-02-06,Meeting
99,3102,1991-03-26,6.0,,,6.17,,,,6.05,7.16,8.13,93.8,93.93,1991-03-26,Meeting
100,3119,1991-04-12,6.0,,,5.36,,,,5.68,6.88,7.98,94.1,94.17,1991-04-12,Conference Call
101,3137,1991-04-30,5.75,,,5.98,,,,5.68,6.80,8.02,94.09,94.2,1991-04-30,Conference Call
102,3138,1991-05-01,5.75,,,5.9,62.8646,65.274,6.9,5.71,6.80,8.01,94.2,94.22,1991-05-01,Conference Call
103,3151,1991-05-14,5.75,,,5.85,,,,5.66,6.86,8.14,94.22,94.24,1991-05-14,Meeting
104,3178,1991-06-10,5.75,,,5.83,,,,5.77,7.01,8.29,94.16,94.14,1991-06-10,Conference Call
105,3192,1991-06-24,5.75,,,5.83,,,,5.75,6.96,8.33,94.17,94.18,1991-06-24,Conference Call
106,3201,1991-07-03,5.75,,,5.77,,,,5.73,6.97,8.26,94.14,94.1,1991-07-03,Meeting
107,3234,1991-08-05,5.75,,,5.79,,,,5.68,6.69,8.04,94.26,94.32,1991-08-05,Conference Call
108,3249,1991-08-20,5.5,,,5.57,,,,5.26,6.17,7.81,94.38,94.61,1991-08-20,Meeting
109,3273,1991-09-13,5.25,,,5.31,,,,5.31,6.18,7.66,94.54,94.68,1991-09-13,Conference Call
110,3291,1991-10-01,5.25,,,5.4,64.0213,65.98899999999999,7.0,5.25,5.99,7.45,94.77,94.85,1991-10-01,Meeting
111,3320,1991-10-30,5.25,,,4.44,,,,4.98,5.73,7.48,94.77,95.0,1991-10-30,Conference Call
112,3326,1991-11-05,5.0,,,5.06,,,,4.90,5.70,7.56,95.05,95.02,1991-11-05,Meeting
113,3353,1991-12-02,4.75,,,5.0,,,,4.51,5.33,7.32,95.29,95.44,1991-12-02,Conference Call
114,3368,1991-12-17,4.5,,,4.5,,,,4.22,5.02,7.18,95.43,95.7,1991-12-17,Meeting
115,3391,1992-01-09,4.0,,,4.22,,,,3.87,4.77,6.79,95.97,96.09,1992-01-09,Conference Call
116,3418,1992-02-05,4.0,,,4.17,,,,3.94,5.07,7.21,96.02,96.05,1992-02-05,Meeting
117,3453,1992-03-11,4.0,,,3.83,,,,4.11,5.58,7.51,95.95,95.97,1992-03-11,Conference Call
118,3473,1992-03-31,4.0,,,4.07,,,,4.15,5.60,7.54,96.0,95.97,1992-03-31,Meeting
119,3522,1992-05-19,3.75,,,3.8,,,,3.62,5.00,7.20,96.23,96.38,1992-05-19,Meeting
120,3565,1992-07-01,3.75,,,3.89,65.6172,67.328,7.7,3.63,4.82,7.10,96.33,96.38,1992-07-01,Meeting
121,3566,1992-07-02,3.25,,,3.46,,,,3.31,4.55,6.93,96.67,96.7,1992-07-02,Conference Call
122,3613,1992-08-18,3.25,,,3.26,,,,3.14,4.04,6.48,96.74,96.84,1992-08-18,Meeting
123,3662,1992-10-06,3.0,,,3.1,,,,2.79,3.74,6.30,97.0,97.16,1992-10-06,Meeting
124,3704,1992-11-17,3.0,,,3.06,,,,3.24,4.67,6.86,96.95,96.73,1992-11-17,Meeting
125,3731,1992-12-14,3.0,,,2.99,,,,3.33,4.80,6.83,96.87,96.76,1992-12-14,Conference Call
126,3739,1992-12-22,3.0,,,2.97,,,,3.27,4.64,6.65,96.94,96.8,1992-12-22,Meeting
127,3754,1993-01-06,3.0,,,3.62,,,,3.17,4.52,6.63,96.92,96.95,1993-01-06,Conference Call
128,3782,1993-02-03,3.0,,,3.56,,,,2.99,4.27,6.45,96.94,96.94,1993-02-03,Meeting
129,3797,1993-02-18,3.0,,,2.98,,,,2.95,3.95,6.17,96.97,96.97,1993-02-18,Conference Call
130,3808,1993-03-01,3.0,,,3.65,66.7658,68.42699999999999,7.0,3.03,3.88,5.94,96.94,97.0,1993-03-01,Conference Call
131,3830,1993-03-23,3.0,,,2.93,,,,2.98,3.88,5.91,96.93,96.97,1993-03-23,Meeting
132,3886,1993-05-18,3.0,,,2.97,,,,3.08,4.08,6.15,97.02,96.94,1993-05-18,Meeting
133,3936,1993-07-07,3.0,,,3.39,,,,3.11,4.00,5.80,96.96,96.92,1993-07-07,Meeting
134,3977,1993-08-17,3.0,,,3.1,,,,3.08,4.02,5.70,96.94,96.92,1993-08-17,Meeting
135,4012,1993-09-21,3.0,,,3.23,,,,2.98,3.90,5.47,96.93,96.95,1993-09-21,Meeting
136,4026,1993-10-05,3.0,,,3.04,,,,3.06,3.86,5.35,96.94,96.95,1993-10-05,Conference Call
137,4036,1993-10-15,3.0,,,2.97,,,,3.08,3.81,5.19,97.0,96.95,1993-10-15,Conference Call
138,4043,1993-10-22,3.0,,,2.95,,,,3.11,3.91,5.42,97.0,96.94,1993-10-22,Conference Call
139,4061,1993-11-09,3.0,,,2.95,,,,3.18,4.12,5.64,96.94,96.85,1993-11-09,Conference Call
140,4062,1993-11-10,3.0,,,2.91,,,,3.19,4.17,5.72,96.96,96.85,1993-11-10,Conference Call
141,4068,1993-11-16,3.0,,,3.02,,,,3.16,4.10,5.66,96.98,96.86,1993-11-16,Meeting
142,4103,1993-12-21,3.0,,,2.97,,,,3.14,4.26,5.85,96.97,96.9,1993-12-21,Meeting
143,4148,1994-02-04,3.25,,,3.19,,,,3.30,4.42,5.94,96.73,96.65,1994-02-04,Meeting
144,4172,1994-02-28,3.25,,,3.49,,,,3.47,4.67,6.15,96.75,96.61,1994-02-28,Conference Call
145,4194,1994-03-22,3.5,,,3.44,,,,3.60,5.03,6.44,96.67,96.41,1994-03-22,Meeting
146,4196,1994-03-24,3.5,,,3.49,,,,3.53,5.08,6.58,96.68,96.42,1994-03-24,Conference Call
147,4221,1994-04-18,3.75,,,3.7,,,,3.84,5.70,7.14,96.4,96.09,1994-04-18,Conference Call
148,4250,1994-05-17,4.25,,,4.27,,,,4.30,5.88,7.03,96.0,95.69,1994-05-17,Meeting
149,4300,1994-07-06,4.25,,,5.02,,,,4.39,6.11,7.32,95.63,95.36,1994-07-06,Meeting
150,4314,1994-07-20,4.25,,,4.78,,,,4.41,6.06,7.25,95.75,95.54,1994-07-20,Conference Call
151,4341,1994-08-16,4.75,,,4.35,,,,4.74,6.21,7.19,95.49,95.23,1994-08-16,Meeting
152,4383,1994-09-27,4.75,,,4.29,,,,4.83,6.52,7.61,95.25,95.07,1994-09-27,Meeting
153,4432,1994-11-15,5.5,,,5.59,,,,5.53,7.10,7.92,94.8,94.4,1994-11-15,Meeting
154,4467,1994-12-20,5.5,,,5.43,,,,5.63,7.56,7.81,94.4,94.24,1994-12-20,Meeting
155,4477,1994-12-30,5.5,,,4.94,,,,5.68,7.69,7.84,94.6,94.31,1994-12-30,Conference Call
156,4491,1995-01-13,5.5,,,5.47,,,,5.72,7.39,7.69,94.47,94.02,1995-01-13,Conference Call
157,4510,1995-02-01,6.0,,,5.25,73.3025,71.27199999999998,5.4,6.07,7.33,7.66,93.99,93.94,1995-02-01,Meeting
158,4547,1995-03-10,6.0,,,5.9,,,,5.96,6.83,7.23,94.05,93.93,1995-03-10,Conference Call
159,4565,1995-03-28,6.0,,,6.1,,,,5.89,6.73,7.16,94.02,93.97,1995-03-28,Meeting
160,4596,1995-04-28,6.0,,,6.06,,,,5.87,6.60,7.07,93.96,93.98,1995-04-28,Conference Call
161,4621,1995-05-23,6.0,,,5.96,,,,5.91,6.15,6.57,93.99,93.99,1995-05-23,Meeting
162,4665,1995-07-06,5.75,,,6.06,,,,5.53,5.56,6.05,94.15,94.29,1995-07-06,Meeting
163,4712,1995-08-22,5.75,,,5.68,,,,5.63,6.10,6.57,94.26,94.27,1995-08-22,Meeting
164,4747,1995-09-26,5.75,,,5.73,,,,5.45,5.88,6.28,94.25,94.26,1995-09-26,Meeting
165,4797,1995-11-15,5.75,,,5.94,,,,5.56,5.53,6.00,94.255,94.28,1995-11-15,Meeting
166,4831,1995-12-19,5.5,,,5.63,,,,5.24,5.36,5.81,94.3,94.45,1995-12-19,Meeting
167,4874,1996-01-31,5.25,,,5.71,,,,5.05,4.93,5.60,94.43,94.73,1996-01-31,Meeting
168,4929,1996-03-26,5.25,,,5.23,,,,5.13,5.72,6.25,94.64,94.73,1996-03-26,Meeting
169,4985,1996-05-21,5.25,,,5.23,,,,5.18,6.03,6.65,94.755,94.71,1996-05-21,Meeting
170,5028,1996-07-03,5.25,,,5.38,,,,5.24,6.20,6.78,94.655,94.65,1996-07-03,Meeting
171,5076,1996-08-20,5.25,,,5.08,,,,5.18,5.97,6.59,94.75,94.69,1996-08-20,Meeting
172,5111,1996-09-24,5.25,,,5.28,,,,5.17,6.16,6.77,94.715,94.71,1996-09-24,Meeting
173,5161,1996-11-13,5.25,,,5.21,,,,5.17,5.71,6.20,94.715,94.68,1996-11-13,Meeting
174,5195,1996-12-17,5.25,,,5.38,,,,5.00,5.87,6.42,94.63,94.63,1996-12-17,Meeting
175,5245,1997-02-05,5.25,,,5.17,,,,5.13,5.91,6.47,94.735,94.69,1997-02-05,Meeting
176,5293,1997-03-25,5.5,,,5.57,,,,5.44,6.33,6.75,94.665,94.5,1997-03-25,Meeting
177,5349,1997-05-20,5.5,,,5.51,,,,5.39,6.25,6.70,94.485,94.47,1997-05-20,Meeting
178,5392,1997-07-02,5.5,,,5.54,,,,5.20,6.02,6.42,94.465,94.46,1997-07-02,Meeting
179,5440,1997-08-19,5.5,,,5.47,,,,5.25,5.85,6.21,94.49,94.46,1997-08-19,Meeting
180,5482,1997-09-30,5.5,,,5.81,,,,5.06,5.80,6.12,94.45,94.47,1997-09-30,Meeting
181,5525,1997-11-12,5.5,,,5.53,,,,5.30,5.70,5.89,94.455,94.4,1997-11-12,Meeting
182,5559,1997-12-16,5.5,,,5.56,,,,5.23,5.68,5.77,94.415,94.42,1997-12-16,Meeting
183,5609,1998-02-04,5.5,,,5.41,,,,5.11,5.32,5.57,94.525,94.48,1998-02-04,Meeting
184,5664,1998-03-31,5.5,,,5.88,,,,5.16,5.60,5.67,94.505,94.48,1998-03-31,Meeting
185,5713,1998-05-19,5.5,,,5.35,,,,5.23,5.59,5.65,94.51,94.49,1998-05-19,Meeting
186,5756,1998-07-01,5.5,,,6.35,86.8423,75.262,4.5,5.09,5.46,5.44,94.485,94.49,1998-07-01,Meeting
187,5804,1998-08-18,5.5,,,5.54,,,,5.06,5.36,5.41,94.465,94.48,1998-08-18,Meeting
188,5838,1998-09-21,5.5,,,5.47,,,,4.82,4.63,4.69,94.49,94.65,1998-09-21,Conference Call
189,5846,1998-09-29,5.25,,,5.44,,,,4.54,4.47,4.59,94.505,94.76,1998-09-29,Meeting
190,5862,1998-10-15,5.0,,,5.49,,,,4.15,4.13,4.58,94.785,94.89,1998-10-15,Conference Call
191,5895,1998-11-17,4.75,,,4.61,,,,4.42,4.58,4.87,95.095,95.2,1998-11-17,Meeting
192,5930,1998-12-22,4.75,,,4.63,,,,4.50,4.59,4.70,95.185,95.13,1998-12-22,Meeting
193,5973,1999-02-03,4.75,,,4.65,,,,4.48,4.72,4.83,95.275,95.24,1999-02-03,Meeting
194,6028,1999-03-30,4.75,,,4.77,,,,4.48,4.97,5.21,95.185,95.23,1999-03-30,Meeting
195,6077,1999-05-18,4.75,,,4.64,,,,4.66,5.38,5.68,95.22,95.19,1999-05-18,Meeting
196,6120,1999-06-30,5.0,,,5.12,,,,4.78,5.53,5.81,95.23,94.98,1999-06-30,Meeting
197,6175,1999-08-24,5.25,,,5.08,,,,4.99,5.65,5.85,94.935,94.74,1999-08-24,Meeting
198,6217,1999-10-05,5.25,,,5.16,,,,4.86,5.78,6.02,94.74,94.67,1999-10-05,Meeting
199,6259,1999-11-16,5.5,,,5.4,,,,5.29,5.85,5.97,94.615,94.5,1999-11-16,Meeting
200,6294,1999-12-21,5.5,,,5.52,,,,5.59,6.21,6.38,94.56,94.47,1999-12-21,Meeting
201,6337,2000-02-02,5.75,,,5.64,,,,5.66,6.63,6.60,94.24,94.125,2000-02-02,Meeting
202,6385,2000-03-21,6.0,,,5.81,,,,5.91,6.50,6.13,94.155,93.985,2000-03-21,Meeting
203,6441,2000-05-16,6.5,,,6.13,,,,6.20,6.89,6.43,93.745,93.475,2000-05-16,Meeting
204,6484,2000-06-28,6.5,,,6.5,,,,5.81,6.43,6.11,93.48,93.46,2000-06-28,Meeting
205,6539,2000-08-22,6.5,,,6.42,,,,6.28,6.27,5.78,93.51,93.475,2000-08-22,Meeting
206,6581,2000-10-03,6.5,,,6.46,,,,6.24,6.00,5.87,93.505,93.505,2000-10-03,Meeting
207,6624,2000-11-15,6.5,,,6.61,,,,6.38,5.90,5.72,93.485,93.525,2000-11-15,Meeting
208,6658,2000-12-19,6.5,,,6.47,,,,5.93,5.35,5.19,93.52,93.55,2000-12-19,Meeting
209,6673,2001-01-03,6.0,,,6.35,,,,5.69,4.92,5.14,93.98,94.265,2001-01-03,Conference Call
210,6701,2001-01-31,5.5,,,5.74,,,,4.99,4.62,5.19,94.02,94.545,2001-01-31,Meeting
211,6749,2001-03-20,5.0,,,5.14,,,,4.49,4.24,4.78,94.715,95.11,2001-03-20,Meeting
212,6771,2001-04-11,5.0,,,4.95,,,,4.08,4.29,5.12,95.025,95.25,2001-04-11,Conference Call
213,6778,2001-04-18,4.5,,,4.67,,,,3.91,4.26,5.14,95.175,95.625,2001-04-18,Conference Call
214,6805,2001-05-15,4.0,,,4.22,,,,3.63,4.28,5.50,95.775,96.01,2001-05-15,Meeting
215,6848,2001-06-27,3.75,,,3.68,,,,3.52,4.06,5.26,96.03,96.265,2001-06-27,Meeting
216,6903,2001-08-21,3.5,,,3.53,,,,3.39,3.69,4.87,96.36,96.515,2001-08-21,Meeting
217,6926,2001-09-13,3.5,,,3.31,,,,2.74,2.99,4.64,96.635,97.13,2001-09-13,Conference Call
218,6930,2001-09-17,3.0,,,2.13,,,,2.59,2.96,4.63,96.805,97.32,2001-09-17,Conference Call
219,6945,2001-10-02,2.5,,,2.35,,,,2.26,2.77,4.53,97.5,97.67,2001-10-02,Meeting
220,6980,2001-11-06,2.0,,,2.13,,,,1.85,2.37,4.30,97.915,98.135,2001-11-06,Meeting
221,7015,2001-12-11,1.75,,,1.8,,,,1.66,3.03,5.13,98.195,98.26,2001-12-11,Meeting
222,7065,2002-01-30,1.75,,,1.78,,,,1.75,3.06,5.02,98.27,98.26,2002-01-30,Meeting
223,7113,2002-03-19,1.75,,,1.67,,,,1.85,3.64,5.33,98.235,98.24,2002-03-19,Meeting
224,7162,2002-05-07,1.75,,,1.72,,,,1.76,3.14,5.09,98.245,98.225,2002-05-07,Meeting
225,7212,2002-06-26,1.75,,,1.78,,,,1.70,2.77,4.75,98.24,98.255,2002-06-26,Meeting
226,7260,2002-08-13,1.75,,,1.74,,,,1.63,2.00,4.12,98.275,98.31,2002-08-13,Meeting
227,7302,2002-09-24,1.75,,,1.75,,,,1.65,1.93,3.69,98.26,98.29,2002-09-24,Meeting
228,7345,2002-11-06,1.25,,,1.48,,,,1.23,1.87,4.09,98.64,98.765,2002-11-06,Meeting
229,7379,2002-12-10,1.25,,,1.22,,,,1.21,1.90,4.06,98.77,98.765,2002-12-10,Meeting
230,7429,2003-01-29,1.25,,,1.26,,,,1.18,1.77,4.06,98.765,98.77,2003-01-29,Meeting
231,7477,2003-03-18,1.25,,,1.2,,,,1.14,1.72,3.91,98.755,98.805,2003-03-18,Meeting
232,7484,2003-03-25,1.25,,,1.24,,,,1.18,1.69,3.97,98.755,98.8,2003-03-25,Conference Call
233,7491,2003-04-01,1.25,,,1.29,93.0657,82.06299999999997,6.0,1.12,1.50,3.84,98.8,98.91,2003-04-01,Conference Call
234,7498,2003-04-08,1.25,,,1.22,,,,1.15,1.59,3.95,98.775,98.845,2003-04-08,Conference Call
235,7506,2003-04-16,1.25,,,1.26,,,,1.17,1.67,3.96,98.76,98.785,2003-04-16,Conference Call
236,7526,2003-05-06,1.25,,,1.28,,,,1.10,1.45,3.84,98.76,98.81,2003-05-06,Meeting
237,7576,2003-06-25,1.0,,,1.18,,,,0.92,1.30,3.38,98.795,99.005,2003-06-25,Meeting
238,7624,2003-08-12,1.0,,,0.99,,,,0.95,1.71,4.37,99.0,98.995,2003-08-12,Meeting
239,7658,2003-09-15,1.0,,,1.11,,,,0.96,1.63,4.28,98.995,98.99,2003-09-15,Meeting
240,7659,2003-09-16,1.0,,,0.97,,,,0.93,1.63,4.29,98.995,98.99,2003-09-16,Meeting
241,7701,2003-10-28,1.0,,,0.98,,,,0.96,1.71,4.23,98.985,98.99,2003-10-28,Meeting
242,7743,2003-12-09,1.0,,,0.97,,,,0.93,1.97,4.32,98.995,98.99,2003-12-09,Meeting
243,7793,2004-01-28,1.0,,,0.99,,,,0.94,1.87,4.22,99.005,99.0,2004-01-28,Meeting
244,7841,2004-03-16,1.0,,,0.99,,,,0.96,1.51,3.70,98.995,99.0,2004-03-16,Meeting
245,7890,2004-05-04,1.0,,,1.0,,,,1.00,2.32,4.56,98.985,98.98,2004-05-04,Meeting
246,7947,2004-06-30,1.25,,,1.38,,,,1.33,2.70,4.62,98.975,98.74,2004-06-30,Meeting
247,7988,2004-08-10,1.5,,,1.43,,,,1.50,2.55,4.32,98.565,98.44,2004-08-10,Meeting
248,8030,2004-09-21,1.75,,,1.7,,,,1.72,2.49,4.05,98.41,98.255,2004-09-21,Meeting
249,8080,2004-11-10,2.0,,,1.92,,,,2.08,2.82,4.25,98.075,97.885,2004-11-10,Meeting
250,8114,2004-12-14,2.25,,,2.24,,,,2.21,2.99,4.14,97.855,97.75,2004-12-14,Meeting
251,8164,2005-02-02,2.5,,,2.29,,,,2.51,3.32,4.15,97.5,97.405,2005-02-02,Meeting
252,8212,2005-03-22,2.75,,,2.72,,,,2.89,3.86,4.63,97.385,97.23,2005-03-22,Meeting
253,8254,2005-05-03,3.0,,,2.95,,,,2.91,3.68,4.21,97.0,96.965,2005-05-03,Meeting
254,8312,2005-06-30,3.25,,,3.35,,,,3.13,3.66,3.94,96.965,96.74,2005-06-30,Meeting
255,8352,2005-08-09,3.5,,,3.47,,,,3.52,4.13,4.41,96.535,96.385,2005-08-09,Meeting
256,8394,2005-09-20,3.75,,,3.67,,,,3.61,4.00,4.26,96.39,96.235,2005-09-20,Meeting
257,8436,2005-11-01,4.0,,,3.99,100.3216,87.85,5.0,3.96,4.42,4.58,95.995,95.845,2005-11-01,Meeting
258,8478,2005-12-13,4.25,,,4.23,,,,3.91,4.43,4.54,95.84,95.73,2005-12-13,Meeting
259,8527,2006-01-31,4.5,,,4.47,,,,4.47,4.54,4.53,95.72,95.505,2006-01-31,Meeting
260,8583,2006-03-28,4.75,,,4.7,,,,4.65,4.81,4.79,95.415,95.235,2006-03-28,Meeting
261,8626,2006-05-10,5.0,,,4.88,,,,4.88,5.01,5.13,95.045,94.975,2006-05-10,Meeting
262,8676,2006-06-29,5.25,,,5.08,,,,5.01,5.21,5.22,94.995,94.735,2006-06-29,Meeting
263,8716,2006-08-08,5.25,,,5.26,,,,5.10,4.91,4.93,94.74,94.725,2006-08-08,Meeting
264,8759,2006-09-20,5.25,,,5.23,,,,4.93,4.81,4.73,94.75,94.745,2006-09-20,Meeting
265,8794,2006-10-25,5.25,,,5.26,,,,5.12,4.88,4.78,94.75,94.755,2006-10-25,Meeting
266,8842,2006-12-12,5.25,,,5.23,,,,4.93,4.61,4.49,94.765,94.76,2006-12-12,Meeting
267,8892,2007-01-31,5.25,,,5.33,,,,5.12,4.94,4.83,94.755,94.755,2007-01-31,Meeting
268,8941,2007-03-21,5.25,,,5.26,,,,5.05,4.51,4.53,94.75,94.755,2007-03-21,Meeting
269,8990,2007-05-09,5.25,,,5.21,,,,4.88,4.73,4.67,94.755,94.75,2007-05-09,Meeting
270,9040,2007-06-28,5.25,,,5.26,,,,4.78,4.96,5.12,94.75,94.755,2007-06-28,Meeting
271,9080,2007-08-07,5.25,,,5.26,,,,4.94,4.56,4.77,94.755,94.775,2007-08-07,Meeting
272,9083,2007-08-10,5.25,,,4.68,,,,4.57,4.47,4.81,94.795,94.9,2007-08-10,Conference Call
273,9089,2007-08-16,5.25,,,4.97,,,,3.79,4.08,4.60,95.04,95.09,2007-08-16,Conference Call
274,9122,2007-09-18,4.75,,,4.92,,,,4.01,4.00,4.50,95.07,95.285,2007-09-18,Meeting
275,9165,2007-10-31,4.5,,,4.6,,,,3.94,3.94,4.48,95.25,95.505,2007-10-31,Meeting
276,9201,2007-12-06,4.5,,,4.49,,,,3.09,3.03,4.02,95.75,95.84,2007-12-06,Conference Call
277,9206,2007-12-11,4.25,,,4.29,,,,2.94,2.94,3.98,95.74,95.81,2007-12-11,Meeting
278,9235,2008-01-09,4.25,,,4.26,,,,3.22,2.69,3.82,95.86,96.19,2008-01-09,Conference Call
279,9247,2008-01-21,4.25,,,4.17,,,,ND,ND,ND,95.875,96.43,2008-01-21,Conference Call
280,9256,2008-01-30,3.0,,,3.26,,,,2.21,2.30,3.78,96.07,97.04,2008-01-30,Meeting
281,9296,2008-03-10,3.0,,,2.99,,,,1.35,1.47,3.46,97.365,97.785,2008-03-10,Conference Call
282,9304,2008-03-18,2.25,,,2.16,,,,0.92,1.58,3.48,97.395,97.845,2008-03-18,Meeting
283,9347,2008-04-30,2.0,,,2.37,,,,1.43,2.29,3.77,97.73,98.005,2008-04-30,Meeting
284,9403,2008-06-25,2.0,,,1.97,,,,1.81,2.82,4.12,98.0,97.985,2008-06-25,Meeting
285,9432,2008-07-24,2.0,,,2.06,,,,1.65,2.61,4.03,98.005,97.985,2008-07-24,Conference Call
286,9444,2008-08-05,2.0,,,1.97,,,,1.75,2.54,4.04,97.99,97.965,2008-08-05,Meeting
287,9486,2008-09-16,2.0,,,1.98,,,,0.84,1.89,3.48,98.0525,98.08,2008-09-16,Meeting
288,9499,2008-09-29,2.0,,,1.56,,,,0.94,1.70,3.61,98.1925,98.385,2008-09-29,Conference Call
289,9507,2008-10-07,2.0,,,2.97,,,,0.82,1.47,3.50,98.395,98.58,2008-10-07,Conference Call
290,9529,2008-10-29,1.0,,,0.36,,,,0.62,1.58,3.93,98.9925,99.175,2008-10-29,Meeting
291,9577,2008-12-16,,0.0,0.25,0.17,,,,0.04,0.65,2.37,99.8325,99.835,2008-12-16,Meeting
292,9608,2009-01-16,,0.0,0.25,0.19,,,,0.12,0.73,2.36,99.855,99.82,2009-01-16,Conference Call
293,9620,2009-01-28,,0.0,0.25,0.19,,,,0.19,0.89,2.71,99.8425,99.79,2009-01-28,Meeting
294,9630,2009-02-07,,0.0,0.25,0.23,,,,,,,,,2009-02-07,Conference Call
295,9669,2009-03-18,,0.0,0.25,0.18,,,,0.21,0.82,2.51,99.7975,99.78,2009-03-18,Meeting
296,9711,2009-04-29,,0.0,0.25,0.18,,,,0.11,0.94,3.12,99.85,99.82,2009-04-29,Meeting
297,9746,2009-06-03,,0.0,0.25,0.21,,,,0.14,0.91,3.56,99.8025,99.805,2009-06-03,Conference Call
298,9767,2009-06-24,,0.0,0.25,0.21,,,,0.19,1.19,3.72,99.785,99.78,2009-06-24,Meeting
299,9816,2009-08-12,,0.0,0.25,0.15,,,,0.17,1.18,3.72,99.8325,99.82,2009-08-12,Meeting
300,9858,2009-09-23,,0.0,0.25,0.15,,,,0.11,0.96,3.44,99.8425,99.83,2009-09-23,Meeting
301,9900,2009-11-04,,0.0,0.25,0.13,,,,0.05,0.91,3.57,99.865,99.855,2009-11-04,Meeting
302,9942,2009-12-16,,0.0,0.25,0.14,,,,0.04,0.85,3.61,99.87,99.855,2009-12-16,Meeting
303,9984,2010-01-27,,0.0,0.25,0.12,,,,0.08,0.90,3.66,99.8875,99.865,2010-01-27,Meeting
304,10032,2010-03-16,,0.0,0.25,0.2,,,,0.16,0.93,3.66,99.8275,99.81,2010-03-16,Meeting
305,10075,2010-04-28,,0.0,0.25,0.2,,,,0.16,1.03,3.80,99.8,99.785,2010-04-28,Meeting
306,10086,2010-05-09,,0.0,0.25,0.2,,,,,,,,,2010-05-09,Conference Call
307,10131,2010-06-23,,0.0,0.25,0.17,,,,0.13,0.66,3.13,99.815,99.795,2010-06-23,Meeting
308,10179,2010-08-10,,0.0,0.25,0.18,,,,0.15,0.52,2.79,99.82,99.825,2010-08-10,Meeting
309,10221,2010-09-21,,0.0,0.25,0.2,,,,0.17,0.43,2.61,99.8075,99.81,2010-09-21,Meeting
310,10245,2010-10-15,,0.0,0.25,0.2,,,,0.14,0.37,2.59,99.8075,99.825,2010-10-15,Conference Call
311,10264,2010-11-03,,0.0,0.25,0.2,,,,0.13,0.34,2.67,99.8125,99.82,2010-11-03,Meeting
312,10305,2010-12-14,,0.0,0.25,0.19,,,,0.15,0.66,3.49,99.825,99.825,2010-12-14,Meeting
313,10348,2011-01-26,,0.0,0.25,0.17,,,,0.16,0.62,3.45,99.83,99.83,2011-01-26,Meeting
314,10396,2011-03-15,,0.0,0.25,0.14,,,,0.10,0.63,3.33,99.8575,99.86,2011-03-15,Meeting
315,10439,2011-04-27,,0.0,0.25,0.09,,,,0.06,0.65,3.39,99.9,99.89,2011-04-27,Meeting
316,10495,2011-06-22,,0.0,0.25,0.09,,,,0.02,0.39,3.01,99.9025,99.895,2011-06-22,Meeting
317,10535,2011-08-01,,0.0,0.25,0.17,97.6731,98.555,9.0,0.10,0.38,2.77,99.88,99.87,2011-08-01,Conference Call
318,10543,2011-08-09,,0.0,0.25,0.1,,,,0.03,0.19,2.20,99.9125,99.915,2011-08-09,Meeting
319,10586,2011-09-21,,0.0,0.25,0.08,,,,0.01,0.21,1.88,99.915,99.91,2011-09-21,Meeting
320,10628,2011-11-02,,0.0,0.25,0.08,,,,0.01,0.23,2.03,99.92,99.92,2011-11-02,Meeting
321,10654,2011-11-28,,0.0,0.25,0.08,,,,0.03,0.26,1.97,99.9175,99.905,2011-11-28,Conference Call
322,10669,2011-12-13,,0.0,0.25,0.07,,,,0.01,0.24,1.96,99.9225,99.91,2011-12-13,Meeting
323,10712,2012-01-25,,0.0,0.25,0.08,,,,0.04,0.22,2.01,99.9175,99.915,2012-01-25,Meeting
324,10760,2012-03-13,,0.0,0.25,0.12,,,,0.08,0.35,2.14,99.8825,99.875,2012-03-13,Meeting
325,10803,2012-04-25,,0.0,0.25,0.15,,,,0.09,0.26,2.01,99.8625,99.865,2012-04-25,Meeting
326,10859,2012-06-20,,0.0,0.25,0.16,,,,0.09,0.32,1.65,99.835,99.83,2012-06-20,Meeting
327,10901,2012-08-01,,0.0,0.25,0.14,99.85600000000001,100.07,8.1,0.10,0.24,1.56,99.855,99.86,2012-08-01,Meeting
328,10944,2012-09-13,,0.0,0.25,0.15,,,,0.10,0.24,1.75,99.8575,99.87,2012-09-13,Meeting
329,10985,2012-10-24,,0.0,0.25,0.17,,,,0.11,0.29,1.80,99.845,99.855,2012-10-24,Meeting
330,11034,2012-12-12,,0.0,0.25,0.17,,,,0.07,0.25,1.72,99.8425,99.855,2012-12-12,Meeting
331,11083,2013-01-30,,0.0,0.25,0.12,,,,0.07,0.27,2.03,99.855,99.865,2013-01-30,Meeting
332,11132,2013-03-20,,0.0,0.25,0.15,,,,0.07,0.26,1.96,99.85,99.855,2013-03-20,Meeting
333,11174,2013-05-01,,0.0,0.25,0.14,101.7476,101.006,7.5,0.06,0.20,1.66,99.875,99.875,2013-05-01,Meeting
334,11223,2013-06-19,,0.0,0.25,0.1,,,,0.05,0.31,2.33,99.9025,99.89,2013-06-19,Meeting
335,11265,2013-07-31,,0.0,0.25,0.09,,,,0.04,0.31,2.60,99.905,99.9,2013-07-31,Meeting
336,11314,2013-09-18,,0.0,0.25,0.08,,,,0.01,0.34,2.69,99.9175,99.91,2013-09-18,Meeting
337,11342,2013-10-16,,0.0,0.25,0.11,,,,0.10,0.34,2.69,99.9075,99.905,2013-10-16,Conference Call
338,11356,2013-10-30,,0.0,0.25,0.08,,,,0.04,0.33,2.55,99.91,99.915,2013-10-30,Meeting
339,11405,2013-12-18,,0.0,0.25,0.09,,,,0.07,0.32,2.89,99.9125,99.915,2013-12-18,Meeting
340,13540,1954-09-22,,,,0.38,,,,,,,,,1954-09-22,Meeting
341,13616,1954-12-07,,,,1.38,,,,,,,,,1954-12-07,Meeting
342,13651,1955-01-11,,,,1.44,,,,,,,,,1955-01-11,Meeting
343,13701,1955-03-02,,,,1.0,,,,,,,,,1955-03-02,Meeting
344,13770,1955-05-10,,,,0.75,,,,,,,,,1955-05-10,Meeting
345,13813,1955-06-22,,,,1.38,,,,,,,,,1955-06-22,Meeting
346,13833,1955-07-12,,,,1.69,,,,,,,,,1955-07-12,Meeting
347,13854,1955-08-02,,,,1.69,,,,,,,,,1955-08-02,Meeting
348,13875,1955-08-23,,,,2.0,,,,,,,,,1955-08-23,Meeting
349,13897,1955-09-14,,,,2.0,,,,,,,,,1955-09-14,Meeting
350,13909,1955-09-26,,,,2.25,,,,,,,,,1955-09-26,Conference Call
351,13917,1955-10-04,,,,2.25,,,,,,,,,1955-10-04,Meeting
352,13938,1955-10-25,,,,2.25,,,,,,,,,1955-10-25,Meeting
353,13960,1955-11-16,,,,2.19,,,,,,,,,1955-11-16,Meeting
354,13974,1955-11-30,,,,2.44,,,,,,,,,1955-11-30,Conference Call
355,13982,1955-12-08,,,,2.5,,,,,,,,,1955-12-08,Conference Call
356,13987,1955-12-13,,,,2.44,,,,,,,,,1955-12-13,Meeting
357,14015,1956-01-10,,,,2.44,,,,,,,,,1956-01-10,Meeting
358,14029,1956-01-24,,,,2.5,,,,,,,,,1956-01-24,Meeting
359,14051,1956-02-15,,,,2.5,,,,,,,,,1956-02-15,Meeting
360,14071,1956-03-06,,,,2.5,,,,,,,,,1956-03-06,Meeting
361,14092,1956-03-27,,,,2.5,,,,,,,,,1956-03-27,Meeting
362,14113,1956-04-17,,,,2.38,,,,,,,,,1956-04-17,Meeting
363,14114,1956-04-18,,,,2.38,,,,,,,,,1956-04-18,Meeting
364,14135,1956-05-09,,,,2.75,,,,,,,,,1956-05-09,Meeting
365,14149,1956-05-23,,,,2.75,,,,,,,,,1956-05-23,Meeting
366,14162,1956-06-05,,,,2.75,,,,,,,,,1956-06-05,Meeting
367,14183,1956-06-26,,,,2.25,,,,,,,,,1956-06-26,Meeting
368,14204,1956-07-17,,,,2.75,,,,,,,,,1956-07-17,Meeting
369,14225,1956-08-07,,,,2.75,,,,,,,,,1956-08-07,Meeting
370,14239,1956-08-21,,,,2.75,,,,,,,,,1956-08-21,Meeting
371,14260,1956-09-11,,,,3.0,,,,,,,,,1956-09-11,Meeting
372,14274,1956-09-25,,,,3.0,,,,,,,,,1956-09-25,Meeting
373,14295,1956-10-16,,,,2.94,,,,,,,,,1956-10-16,Meeting
374,14323,1956-11-13,,,,3.0,,,,,,,,,1956-11-13,Meeting
375,14337,1956-11-27,,,,2.25,,,,,,,,,1956-11-27,Meeting
376,14350,1956-12-10,,,,3.0,,,,,,,,,1956-12-10,Meeting
377,14379,1957-01-08,,,,2.25,,,,,,,,,1957-01-08,Meeting
378,14399,1957-01-28,,,,3.0,,,,,,,,,1957-01-28,Meeting
379,14420,1957-02-18,,,,3.0,,,,,,,,,1957-02-18,Meeting
380,14435,1957-03-05,,,,3.0,,,,,,,,,1957-03-05,Meeting
381,14456,1957-03-26,,,,2.75,,,,,,,,,1957-03-26,Meeting
382,14477,1957-04-16,,,,3.0,,,,,,,,,1957-04-16,Meeting
383,14485,1957-04-24,,,,3.0,,,,,,,,,1957-04-24,Conference Call
384,14498,1957-05-07,,,,3.0,,,,,,,,,1957-05-07,Meeting
385,14519,1957-05-28,,,,3.0,,,,,,,,,1957-05-28,Meeting
386,14540,1957-06-18,,,,3.0,,,,,,,,,1957-06-18,Meeting
387,14561,1957-07-09,,,,3.0,,,,,,,,,1957-07-09,Meeting
388,14582,1957-07-30,,,,2.94,,,,,,,,,1957-07-30,Meeting
389,14603,1957-08-20,,,,3.38,,,,,,,,,1957-08-20,Meeting
390,14624,1957-09-10,,,,3.5,,,,,,,,,1957-09-10,Meeting
391,14645,1957-10-01,,,,3.5,22.0988,,4.5,,,,,,1957-10-01,Meeting
392,14666,1957-10-22,,,,3.5,,,,,,,,,1957-10-22,Meeting
393,14687,1957-11-12,,,,3.5,,,,,,,,,1957-11-12,Meeting
394,14708,1957-12-03,,,,2.5,,,,,,,,,1957-12-03,Meeting
395,14722,1957-12-17,,,,3.0,,,,,,,,,1957-12-17,Meeting
396,14743,1958-01-07,,,,2.88,,,,,,,,,1958-01-07,Meeting
397,14764,1958-01-28,,,,1.75,,,,,,,,,1958-01-28,Meeting
398,14778,1958-02-11,,,,2.63,,,,,,,,,1958-02-11,Meeting
399,14799,1958-03-04,,,,2.0,,,,,,,,,1958-03-04,Meeting
400,14820,1958-03-25,,,,0.25,,,,,,,,,1958-03-25,Meeting
401,14841,1958-04-15,,,,1.75,,,,,,,,,1958-04-15,Meeting
402,14862,1958-05-06,,,,1.0,,,,,,,,,1958-05-06,Meeting
403,14883,1958-05-27,,,,0.13,,,,,,,,,1958-05-27,Meeting
404,14904,1958-06-17,,,,1.25,,,,,,,,,1958-06-17,Meeting
405,14925,1958-07-08,,,,0.63,,,,,,,,,1958-07-08,Meeting
406,14932,1958-07-15,,,,1.0,,,,,,,,,1958-07-15,Conference Call
407,14935,1958-07-18,,,,0.5,,,,,,,,,1958-07-18,Conference Call
408,14938,1958-07-21,,,,0.38,,,,,,,,,1958-07-21,Conference Call
409,14939,1958-07-22,,,,0.25,,,,,,,,,1958-07-22,Conference Call
410,14940,1958-07-23,,,,0.25,,,,,,,,,1958-07-23,Conference Call
411,14941,1958-07-24,,,,0.5,,,,,,,,,1958-07-24,Conference Call
412,14942,1958-07-25,,,,0.5,,,,,,,,,1958-07-25,Conference Call
413,14946,1958-07-29,,,,0.13,,,,,,,,,1958-07-29,Meeting
414,14947,1958-07-30,,,,0.13,,,,,,,,,1958-07-30,Conference Call
415,14948,1958-07-31,,,,0.38,,,,,,,,,1958-07-31,Conference Call
416,14949,1958-08-01,,,,1.0,21.185,,7.4,,,,,,1958-08-01,Conference Call
417,14952,1958-08-04,,,,1.0,,,,,,,,,1958-08-04,Conference Call
418,14967,1958-08-19,,,,1.38,,,,,,,,,1958-08-19,Meeting
419,14988,1958-09-09,,,,1.25,,,,,,,,,1958-09-09,Meeting
420,15009,1958-09-30,,,,1.5,,,,,,,,,1958-09-30,Meeting
421,15030,1958-10-21,,,,1.88,,,,,,,,,1958-10-21,Meeting
422,15050,1958-11-10,,,,1.75,,,,,,,,,1958-11-10,Meeting
423,15072,1958-12-02,,,,1.5,,,,,,,,,1958-12-02,Meeting
424,15086,1958-12-16,,,,2.5,,,,,,,,,1958-12-16,Meeting
425,15107,1959-01-06,,,,2.5,,,,,,,,,1959-01-06,Meeting
426,15128,1959-01-27,,,,2.5,,,,,,,,,1959-01-27,Meeting
427,15142,1959-02-10,,,,2.25,,,,,,,,,1959-02-10,Meeting
428,15163,1959-03-03,,,,2.25,,,,,,,,,1959-03-03,Meeting
429,15184,1959-03-24,,,,2.88,,,,,,,,,1959-03-24,Meeting
430,15205,1959-04-14,,,,3.0,,,,,,,,,1959-04-14,Meeting
431,15226,1959-05-05,,,,3.0,,,,,,,,,1959-05-05,Meeting
432,15247,1959-05-26,,,,2.75,,,,,,,,,1959-05-26,Meeting
433,15268,1959-06-16,,,,3.5,,,,,,,,,1959-06-16,Meeting
434,15289,1959-07-07,,,,3.5,,,,,,,,,1959-07-07,Meeting
435,15310,1959-07-28,,,,3.5,,,,,,,,,1959-07-28,Meeting
436,15331,1959-08-18,,,,3.5,,,,,,,,,1959-08-18,Meeting
437,15345,1959-09-01,,,,3.5,22.8743,16.285999999999998,5.5,,,,,,1959-09-01,Meeting
438,15366,1959-09-22,,,,3.75,,,,,,,,,1959-09-22,Meeting
439,15387,1959-10-13,,,,4.0,,,,,,,,,1959-10-13,Meeting
440,15409,1959-11-04,,,,4.0,,,,,,,,,1959-11-04,Meeting
441,15429,1959-11-24,,,,4.0,,,,,,,,,1959-11-24,Meeting
442,15450,1959-12-15,,,,4.0,,,,,,,,,1959-12-15,Meeting
443,15478,1960-01-12,,,,4.0,,,,,,,,,1960-01-12,Meeting
444,15492,1960-01-26,,,,4.0,,,,,,,,,1960-01-26,Meeting
445,15506,1960-02-09,,,,3.75,,,,,,,,,1960-02-09,Meeting
446,15527,1960-03-01,,,,4.0,24.4528,16.372,5.4,,,,,,1960-03-01,Meeting
447,15548,1960-03-22,,,,3.25,,,,,,,,,1960-03-22,Meeting
448,15569,1960-04-12,,,,4.0,,,,,,,,,1960-04-12,Meeting
449,15590,1960-05-03,,,,4.0,,,,,,,,,1960-05-03,Meeting
450,15611,1960-05-24,,,,3.5,,,,,,,,,1960-05-24,Meeting
451,15632,1960-06-14,,,,3.0,,,,,,,,,1960-06-14,Meeting
452,15654,1960-07-06,,,,3.5,,,,,,,,,1960-07-06,Meeting
453,15674,1960-07-26,,,,3.0,,,,,,,,,1960-07-26,Meeting
454,15695,1960-08-16,,,,3.0,,,,,,,,,1960-08-16,Meeting
455,15723,1960-09-13,,,,2.0,,,,,,,,,1960-09-13,Meeting
456,15744,1960-10-04,,,,2.5,,,,,,,,,1960-10-04,Meeting
457,15765,1960-10-25,,,,3.0,,,,,,,,,1960-10-25,Meeting
458,15793,1960-11-22,,,,2.0,,,,,,,,,1960-11-22,Meeting
459,15814,1960-12-13,,,,1.25,,,,,,,,,1960-12-13,Meeting
460,15842,1961-01-10,,,,1.25,,,,,,,,,1961-01-10,Meeting
461,15856,1961-01-24,,,,0.25,,,,,,,,,1961-01-24,Meeting
462,15870,1961-02-07,,,,3.0,,,,,,,,,1961-02-07,Meeting
463,15898,1961-03-07,,,,2.75,,,,,,,,,1961-03-07,Meeting
464,15919,1961-03-28,,,,1.25,,,,,,,,,1961-03-28,Meeting
465,15940,1961-04-18,,,,0.5,,,,,,,,,1961-04-18,Meeting
466,15961,1961-05-09,,,,2.75,,,,,,,,,1961-05-09,Meeting
467,15989,1961-06-06,,,,2.0,,,,,,,,,1961-06-06,Meeting
468,16003,1961-06-20,,,,2.25,,,,,,,,,1961-06-20,Meeting
469,16024,1961-07-11,,,,0.5,,,,,,,,,1961-07-11,Meeting
470,16045,1961-08-01,,,,1.75,24.5635,16.667,6.6,,,,,,1961-08-01,Meeting
471,16066,1961-08-22,,,,1.25,,,,,,,,,1961-08-22,Meeting
472,16087,1961-09-12,,,,2.5,,,,,,,,,1961-09-12,Meeting
473,16108,1961-10-03,,,,0.75,,,,,,,,,1961-10-03,Meeting
474,16129,1961-10-24,,,,2.25,,,,,,,,,1961-10-24,Meeting
475,16150,1961-11-14,,,,3.0,,,,,,,,,1961-11-14,Meeting
476,16171,1961-12-05,,,,2.25,,,,,,,,,1961-12-05,Meeting
477,16185,1961-12-19,,,,2.0,,,,,,,,,1961-12-19,Meeting
478,16206,1962-01-09,,,,1.25,,,,,,4.05,,,1962-01-09,Meeting
479,16220,1962-01-23,,,,0.5,,,,,,4.11,,,1962-01-23,Meeting
480,16241,1962-02-13,,,,1.75,,,,,,4.03,,,1962-02-13,Meeting
481,16262,1962-03-06,,,,2.75,,,,,,4.01,,,1962-03-06,Meeting
482,16283,1962-03-27,,,,2.75,,,,,,3.90,,,1962-03-27,Meeting
483,16304,1962-04-17,,,,2.75,,,,,,3.82,,,1962-04-17,Meeting
484,16325,1962-05-08,,,,2.75,,,,,,3.85,,,1962-05-08,Meeting
485,16346,1962-05-29,,,,0.75,,,,,,3.89,,,1962-05-29,Meeting
486,16367,1962-06-19,,,,3.0,,,,,,3.93,,,1962-06-19,Meeting
487,16369,1962-06-21,,,,3.0,,,,,,3.90,,,1962-06-21,Conference Call
488,16388,1962-07-10,,,,2.75,,,,,,4.02,,,1962-07-10,Meeting
489,16409,1962-07-31,,,,2.75,,,,,,4.04,,,1962-07-31,Meeting
490,16430,1962-08-21,,,,3.0,,,,,,3.94,,,1962-08-21,Meeting
491,16451,1962-09-11,,,,3.0,,,,,,4.00,,,1962-09-11,Meeting
492,16472,1962-10-02,,,,3.0,,,,,,3.92,,,1962-10-02,Meeting
493,16493,1962-10-23,,,,2.88,,,,,,3.94,,,1962-10-23,Meeting
494,16514,1962-11-13,,,,3.0,,,,,,3.90,,,1962-11-13,Meeting
495,16535,1962-12-04,,,,2.75,,,,,,3.94,,,1962-12-04,Meeting
496,16549,1962-12-18,,,,3.0,,,,,,3.83,,,1962-12-18,Meeting
497,16570,1963-01-08,,,,2.5,,,,,,3.81,,,1963-01-08,Meeting
498,16591,1963-01-29,,,,3.0,,,,,,3.86,,,1963-01-29,Meeting
499,16605,1963-02-12,,,,3.0,,,,,,ND,,,1963-02-12,Meeting
500,16626,1963-03-05,,,,3.0,,,,,,3.92,,,1963-03-05,Meeting
501,16647,1963-03-26,,,,3.0,,,,,,3.96,,,1963-03-26,Meeting
502,16668,1963-04-16,,,,3.0,,,,,,4.00,,,1963-04-16,Meeting
503,16689,1963-05-07,,,,3.0,,,,,,3.91,,,1963-05-07,Meeting
504,16710,1963-05-28,,,,3.0,,,,,,3.96,,,1963-05-28,Meeting
505,16731,1963-06-18,,,,3.0,,,,,,4.00,,,1963-06-18,Meeting
506,16752,1963-07-09,,,,2.88,,,,,,4.04,,,1963-07-09,Meeting
507,16773,1963-07-30,,,,3.5,,,,,,4.00,,,1963-07-30,Meeting
508,16794,1963-08-20,,,,3.5,,,,,,3.99,,,1963-08-20,Meeting
509,16815,1963-09-10,,,,3.5,,,,,,4.09,,,1963-09-10,Meeting
510,16836,1963-10-01,,,,3.5,28.2466,17.111,5.5,,,4.07,,,1963-10-01,Meeting
511,16857,1963-10-22,,,,3.5,,,,,,4.11,,,1963-10-22,Meeting
512,16878,1963-11-12,,,,3.5,,,,,,4.16,,,1963-11-12,Meeting
513,16892,1963-11-26,,,,3.5,,,,,,4.08,,,1963-11-26,Conference Call
514,16899,1963-12-03,,,,3.5,,,,,,4.10,,,1963-12-03,Meeting
515,16913,1963-12-17,,,,3.5,,,,,,4.15,,,1963-12-17,Meeting
516,16934,1964-01-07,,,,3.5,,,,,,4.15,,,1964-01-07,Meeting
517,16955,1964-01-28,,,,3.5,,,,,,4.17,,,1964-01-28,Meeting
518,16969,1964-02-11,,,,3.5,,,,,,4.14,,,1964-02-11,Meeting
519,16990,1964-03-03,,,,3.5,,,,,,4.18,,,1964-03-03,Meeting
520,17011,1964-03-24,,,,3.38,,,,,,4.26,,,1964-03-24,Meeting
521,17032,1964-04-14,,,,3.5,,,,,,4.24,,,1964-04-14,Meeting
522,17053,1964-05-05,,,,3.5,,,,,,4.22,,,1964-05-05,Meeting
523,17074,1964-05-26,,,,3.5,,,,,,4.19,,,1964-05-26,Meeting
524,17096,1964-06-17,,,,3.5,,,,,,4.18,,,1964-06-17,Meeting
525,17116,1964-07-07,,,,3.5,,,,,,4.15,,,1964-07-07,Meeting
526,17137,1964-07-28,,,,3.5,,,,,,4.20,,,1964-07-28,Meeting
527,17158,1964-08-18,,,,3.5,,,,,,4.19,,,1964-08-18,Meeting
528,17179,1964-09-08,,,,3.5,,,,,,4.22,,,1964-09-08,Meeting
529,17200,1964-09-29,,,,3.5,,,,,,4.18,,,1964-09-29,Meeting
530,17221,1964-10-20,,,,3.38,,,,,,4.20,,,1964-10-20,Meeting
531,17242,1964-11-10,,,,3.5,,,,,,4.14,,,1964-11-10,Meeting
532,17256,1964-11-24,,,,3.25,,,,,,4.18,,,1964-11-24,Conference Call
533,17263,1964-12-01,,,,4.0,30.8498,17.393,5.0,,,4.20,,,1964-12-01,Meeting
534,17277,1964-12-15,,,,4.0,,,,,,4.17,,,1964-12-15,Meeting
535,17305,1965-01-12,,,,4.0,,,,,,4.19,,,1965-01-12,Meeting
536,17326,1965-02-02,,,,4.0,,,,,,4.20,,,1965-02-02,Meeting
537,17354,1965-03-02,,,,4.0,,,,,,4.24,,,1965-03-02,Meeting
538,17375,1965-03-23,,,,4.0,,,,,,4.19,,,1965-03-23,Meeting
539,17396,1965-04-13,,,,4.13,,,,,,4.20,,,1965-04-13,Meeting
540,17424,1965-05-11,,,,4.0,,,,,,4.20,,,1965-05-11,Meeting
541,17438,1965-05-25,,,,4.13,,,,,,4.22,,,1965-05-25,Meeting
542,17459,1965-06-15,,,,4.13,,,,,,4.21,,,1965-06-15,Meeting
543,17487,1965-07-13,,,,4.0,,,,,,4.21,,,1965-07-13,Meeting
544,17515,1965-08-10,,,,4.13,,,,,,4.24,,,1965-08-10,Meeting
545,17536,1965-08-31,,,,4.0,,,,,,4.27,,,1965-08-31,Meeting
546,17544,1965-09-08,,,,4.0,,,,,,4.27,,,1965-09-08,Conference Call
547,17564,1965-09-28,,,,4.0,,,,,,4.33,,,1965-09-28,Meeting
548,17578,1965-10-12,,,,4.13,,,,,,ND,,,1965-10-12,Meeting
549,17599,1965-11-02,,,,4.13,,,,,,ND,,,1965-11-02,Meeting
550,17601,1965-11-04,,,,4.13,,,,,,4.43,,,1965-11-04,Conference Call
551,17620,1965-11-23,,,,4.0,,,,,,4.45,,,1965-11-23,Meeting
552,17641,1965-12-14,,,,4.5,,,,,,4.67,,,1965-12-14,Meeting
553,17669,1966-01-11,,,,4.5,,,,,,4.60,,,1966-01-11,Meeting
554,17697,1966-02-08,,,,4.63,,,,,,4.72,,,1966-02-08,Meeting
555,17718,1966-03-01,,,,4.63,34.8652,17.820999999999994,3.8,,,5.01,,,1966-03-01,Meeting
556,17739,1966-03-22,,,,4.75,,,,,,4.78,,,1966-03-22,Meeting
557,17760,1966-04-12,,,,4.63,,,,,,4.73,,,1966-04-12,Meeting
558,17788,1966-05-10,,,,4.5,,,,,,4.75,,,1966-05-10,Meeting
559,17816,1966-06-07,,,,4.25,,,,,,4.81,,,1966-06-07,Meeting
560,17837,1966-06-28,,,,5.38,,,,,,4.89,,,1966-06-28,Meeting
561,17850,1966-07-11,,,,5.63,,,,,,5.03,,,1966-07-11,Conference Call
562,17865,1966-07-26,,,,5.5,,,,,,4.99,,,1966-07-26,Meeting
563,17893,1966-08-23,,,,5.5,,,,,,5.33,,,1966-08-23,Meeting
564,17914,1966-09-13,,,,5.88,,,,,,5.16,,,1966-09-13,Meeting
565,17935,1966-10-04,,,,6.0,,,,,,5.06,,,1966-10-04,Meeting
566,17963,1966-11-01,,,,6.0,35.9729,18.185,3.6,,,4.99,,,1966-11-01,Meeting
567,17984,1966-11-22,,,,5.25,,,,,,5.20,,,1966-11-22,Meeting
568,18005,1966-12-13,,,,5.25,,,,,,4.86,,,1966-12-13,Meeting
569,18033,1967-01-10,,,,5.0,,,,,,4.69,,,1967-01-10,Meeting
570,18061,1967-02-07,,,,5.5,,,,,,4.54,,,1967-02-07,Meeting
571,18089,1967-03-07,,,,4.75,,,,,,4.60,,,1967-03-07,Meeting
572,18117,1967-04-04,,,,4.63,,,,,,4.49,,,1967-04-04,Meeting
573,18145,1967-05-02,,,,4.0,,,,,,4.75,,,1967-05-02,Meeting
574,18166,1967-05-23,,,,4.0,,,,,,4.94,,,1967-05-23,Meeting
575,18194,1967-06-20,,,,4.0,,,,,,5.14,,,1967-06-20,Meeting
576,18222,1967-07-18,,,,3.75,,,,,,5.16,,,1967-07-18,Meeting
577,18250,1967-08-15,,,,4.13,,,,,,5.29,,,1967-08-15,Meeting
578,18278,1967-09-12,,,,4.0,,,,,,5.29,,,1967-09-12,Meeting
579,18299,1967-10-03,,,,4.13,,,,,,5.35,,,1967-10-03,Meeting
580,18320,1967-10-24,,,,3.75,,,,,,5.56,,,1967-10-24,Meeting
581,18341,1967-11-14,,,,4.13,,,,,,5.81,,,1967-11-14,Meeting
582,18354,1967-11-27,,,,4.63,,,,,,5.76,,,1967-11-27,Meeting
583,18369,1967-12-12,,,,4.63,,,,,,5.75,,,1967-12-12,Meeting
584,18397,1968-01-09,,,,4.63,,,,,,5.52,,,1968-01-09,Meeting
585,18425,1968-02-06,,,,4.75,,,,,,5.61,,,1968-02-06,Meeting
586,18453,1968-03-05,,,,4.88,,,,,,5.59,,,1968-03-05,Meeting
587,18462,1968-03-14,,,,5.5,,,,,,5.95,,,1968-03-14,Conference Call
588,18481,1968-04-02,,,,5.75,,,,,,5.62,,,1968-04-02,Meeting
589,18498,1968-04-19,,,,5.75,,,,,,5.76,,,1968-04-19,Conference Call
590,18509,1968-04-30,,,,6.25,,,,,,5.74,,,1968-04-30,Meeting
591,18537,1968-05-28,,,,5.75,,,,,,5.94,,,1968-05-28,Meeting
592,18558,1968-06-18,,,,6.13,,,,,,5.71,,,1968-06-18,Meeting
593,18586,1968-07-16,,,,6.38,,,,,,5.57,,,1968-07-16,Meeting
594,18614,1968-08-13,,,,6.25,,,,,,5.43,,,1968-08-13,Meeting
595,18620,1968-08-19,,,,6.0,,,,,,5.43,,,1968-08-19,Conference Call
596,18642,1968-09-10,,,,5.88,,,,,,5.51,,,1968-09-10,Meeting
597,18670,1968-10-08,,,,5.88,,,,,,5.57,,,1968-10-08,Meeting
598,18691,1968-10-29,,,,5.88,,,,,,5.62,,,1968-10-29,Meeting
599,18719,1968-11-26,,,,5.75,,,,,,5.76,,,1968-11-26,Meeting
600,18740,1968-12-17,,,,5.88,,,,,,5.97,,,1968-12-17,Meeting
601,18768,1969-01-14,,,,6.38,,,,,,6.04,,,1969-01-14,Meeting
602,18789,1969-02-04,,,,6.25,,,,,,6.20,,,1969-02-04,Meeting
603,18817,1969-03-04,,,,6.63,,,,,,6.24,,,1969-03-04,Meeting
604,18845,1969-04-01,,,,6.63,39.7559,19.812,3.4,,,6.25,,,1969-04-01,Meeting
605,18873,1969-04-29,,,,7.75,,,,,,6.21,,,1969-04-29,Meeting
606,18901,1969-05-27,,,,8.75,,,,,,6.54,,,1969-05-27,Meeting
607,18929,1969-06-24,,,,8.0,,,,,,6.63,,,1969-06-24,Meeting
608,18950,1969-07-15,,,,9.5,,,,,,6.72,,,1969-07-15,Meeting
609,18978,1969-08-12,,,,7.5,,,,,,6.70,,,1969-08-12,Meeting
610,19006,1969-09-09,,,,8.5,,,,,,7.04,,,1969-09-09,Meeting
611,19034,1969-10-07,,,,9.75,,,,,,7.31,,,1969-10-07,Meeting
612,19055,1969-10-28,,,,8.0,,,,,,7.00,,,1969-10-28,Meeting
613,19083,1969-11-25,,,,7.5,,,,,,7.28,,,1969-11-25,Meeting
614,19104,1969-12-16,,,,9.25,,,,,,7.72,,,1969-12-16,Meeting
615,19134,1970-01-15,,,,9.63,,,,,,7.85,,,1970-01-15,Meeting
616,19160,1970-02-10,,,,8.75,,,,,,7.32,,,1970-02-10,Meeting
617,19188,1970-03-10,,,,7.5,,,,,,7.04,,,1970-03-10,Meeting
618,19216,1970-04-07,,,,7.5,,,,,,7.18,,,1970-04-07,Meeting
619,19244,1970-05-05,,,,8.63,,,,,,7.92,,,1970-05-05,Meeting
620,19265,1970-05-26,,,,7.25,,,,,,8.22,,,1970-05-26,Meeting
621,19293,1970-06-23,,,,7.0,,,,,,7.79,,,1970-06-23,Meeting
622,19321,1970-07-21,,,,6.75,,,,,,7.45,,,1970-07-21,Meeting
623,19349,1970-08-18,,,,6.63,,,,,,7.68,,,1970-08-18,Meeting
624,19377,1970-09-15,,,,6.25,,,,,,7.46,,,1970-09-15,Meeting
625,19412,1970-10-20,,,,6.13,,,,,,7.37,,,1970-10-20,Meeting
626,19440,1970-11-17,,,,5.75,,,,,,6.93,,,1970-11-17,Meeting
627,19468,1970-12-15,,,,5.5,,,,,,6.29,,,1970-12-15,Meeting
628,19496,1971-01-12,,,,4.25,,,,,,6.35,,,1971-01-12,Meeting
629,19524,1971-02-09,,,,2.75,,,,,,6.07,,,1971-02-09,Meeting
630,19552,1971-03-09,,,,3.13,,,,,,5.90,,,1971-03-09,Meeting
631,19580,1971-04-06,,,,4.25,,,,,,5.60,,,1971-04-06,Meeting
632,19615,1971-05-11,,,,4.5,,,,,,6.26,,,1971-05-11,Meeting
633,19643,1971-06-08,,,,4.75,,,,,,6.38,,,1971-06-08,Meeting
634,19664,1971-06-29,,,,5.13,,,,,,6.67,,,1971-06-29,Meeting
635,19692,1971-07-27,,,,5.38,,,,,,6.91,,,1971-07-27,Meeting
636,19720,1971-08-24,,,,5.5,,,,,,6.38,,,1971-08-24,Meeting
637,19748,1971-09-21,,,,5.5,,,,,,6.17,,,1971-09-21,Meeting
638,19776,1971-10-19,,,,5.0,,,,,,5.96,,,1971-10-19,Meeting
639,19804,1971-11-16,,,,5.0,,,,,,5.76,,,1971-11-16,Meeting
640,19832,1971-12-14,,,,4.13,,,,,,5.94,,,1971-12-14,Meeting
641,19860,1972-01-11,,,,3.63,,,,,,5.88,,,1972-01-11,Meeting
642,19894,1972-02-14,,,,3.38,,,,,,6.10,,,1972-02-14,Meeting
643,19895,1972-02-15,,,,3.5,,,,,,6.10,,,1972-02-15,Meeting
644,19930,1972-03-21,,,,4.0,,,,,,6.08,,,1972-03-21,Meeting
645,19957,1972-04-17,,,,4.06,,,,,,6.24,,,1972-04-17,Meeting
646,19958,1972-04-18,,,,3.88,,,,,,6.24,,,1972-04-18,Meeting
647,19993,1972-05-23,,,,4.25,,,,,,6.05,,,1972-05-23,Meeting
648,20021,1972-06-20,,,,4.38,,,,,,6.08,,,1972-06-20,Meeting
649,20049,1972-07-18,,,,4.63,,,,,,6.11,,,1972-07-18,Meeting
650,20077,1972-08-15,,,,4.81,,,,,,6.17,,,1972-08-15,Meeting
651,20112,1972-09-19,,,,5.13,,,,,,6.55,,,1972-09-19,Meeting
652,20140,1972-10-17,,,,4.88,,,,,,6.49,,,1972-10-17,Meeting
653,20175,1972-11-21,,,,5.25,,,,,,6.26,,,1972-11-21,Meeting
654,20203,1972-12-19,,,,5.38,,,,,,6.40,,,1972-12-19,Meeting
655,20231,1973-01-16,,,,6.5,,,,,,6.44,,,1973-01-16,Meeting
656,20259,1973-02-13,,,,6.75,,,,,,6.61,,,1973-02-13,Meeting
657,20281,1973-03-07,,,,6.25,,,,,,6.66,,,1973-03-07,Conference Call
658,20294,1973-03-20,,,,6.75,,,,,,6.76,,,1973-03-20,Meeting
659,20322,1973-04-17,,,,7.75,,,,,,6.64,,,1973-04-17,Meeting
660,20350,1973-05-15,,,,7.63,,,,,,6.86,,,1973-05-15,Meeting
661,20385,1973-06-19,,,,8.69,,,,,,6.87,,,1973-06-19,Meeting
662,20405,1973-07-09,,,,9.75,,,,,,7.05,,,1973-07-09,Conference Call
663,20413,1973-07-17,,,,11.75,,,,,,7.06,,,1973-07-17,Meeting
664,20448,1973-08-21,,,,10.74,,,,,,7.36,,,1973-08-21,Meeting
665,20476,1973-09-18,,,,10.68,,,,,,7.08,,,1973-09-18,Meeting
666,20490,1973-10-02,,,,10.73,,,,,,6.89,,,1973-10-02,Conference Call
667,20498,1973-10-10,,,,6.48,,,,,,6.77,,,1973-10-10,Conference Call
668,20504,1973-10-16,,,,10.1,,,,,,6.81,,,1973-10-16,Meeting
669,20539,1973-11-20,,,,10.77,,,,,,6.72,,,1973-11-20,Meeting
670,20567,1973-12-18,,,,10.32,,,,,,6.68,,,1973-12-18,Meeting
671,20602,1974-01-22,,,,9.46,,,,,,7.00,,,1974-01-22,Meeting
672,20631,1974-02-20,,,,9.52,,,,,,6.96,,,1974-02-20,Meeting
673,20658,1974-03-19,,,,9.31,,,,,,7.24,,,1974-03-19,Meeting
674,20686,1974-04-16,,,,10.55,,,,,,7.43,,,1974-04-16,Meeting
675,20721,1974-05-21,,,,10.05,,,,,,7.57,,,1974-05-21,Meeting
676,20749,1974-06-18,,,,11.59,,,,,,7.52,,,1974-06-18,Meeting
677,20766,1974-07-05,,,,13.3,,,,,,7.71,,,1974-07-05,Conference Call
678,20777,1974-07-16,,,,12.24,,,,,,7.88,,,1974-07-16,Meeting
679,20812,1974-08-20,,,,12.3,,,,,,7.99,,,1974-08-20,Meeting
680,20833,1974-09-10,,,,11.76,,,,,,8.04,,,1974-09-10,Meeting
681,20868,1974-10-15,,,,10.35,,,,,,7.87,,,1974-10-15,Meeting
682,20903,1974-11-19,,,,9.5,,,,,,7.63,,,1974-11-19,Meeting
683,20931,1974-12-17,,,,8.53,,,,,,7.28,,,1974-12-17,Meeting
684,20966,1975-01-21,,,,7.16,,,,,,7.55,,,1975-01-21,Meeting
685,20995,1975-02-19,,,,6.31,,,,,,7.26,,,1975-02-19,Meeting
686,21022,1975-03-18,,,,5.43,,,,,,7.70,,,1975-03-18,Meeting
687,21050,1975-04-15,,,,5.48,,,,,,8.16,,,1975-04-15,Meeting
688,21085,1975-05-20,,,,5.03,,,,,,7.98,,,1975-05-20,Meeting
689,21113,1975-06-17,,,,5.43,,,,,,7.72,,,1975-06-17,Meeting
690,21141,1975-07-15,,,,5.92,,,,,,7.98,,,1975-07-15,Meeting
691,21176,1975-08-19,,,,6.24,,,,,,8.42,,,1975-08-19,Meeting
692,21204,1975-09-16,,,,6.28,,,,,,8.59,,,1975-09-16,Meeting
693,21239,1975-10-21,,,,5.72,,,,,,8.05,,,1975-10-21,Meeting
694,21267,1975-11-18,,,,5.35,,,,,,8.13,,,1975-11-18,Meeting
695,21295,1975-12-16,,,,5.18,,,,,,8.00,,,1975-12-16,Meeting
696,21330,1976-01-20,,,,4.76,,,,,,7.71,,,1976-01-20,Meeting
697,21359,1976-02-18,,,,4.12,,,,,,7.79,,,1976-02-18,Meeting
698,21386,1976-03-16,,,,4.77,,,,,,7.76,,,1976-03-16,Meeting
699,21399,1976-03-29,,,,4.81,,,,,,7.64,,,1976-03-29,Meeting
700,21421,1976-04-20,,,,4.78,,,,,,7.50,,,1976-04-20,Meeting
701,21449,1976-05-18,,,,5.39,,,,,,7.94,,,1976-05-18,Meeting
702,21484,1976-06-22,,,,5.43,,,,,7.01,7.81,,,1976-06-22,Meeting
703,21512,1976-07-20,,,,5.31,,,,,6.91,7.87,,,1976-07-20,Meeting
704,21540,1976-08-17,,,,5.31,,,,,6.57,7.75,,,1976-08-17,Meeting
705,21575,1976-09-21,,,,5.22,,,,,6.30,7.51,,,1976-09-21,Meeting
706,21603,1976-10-19,,,,4.97,,,,,5.85,7.35,,,1976-10-19,Meeting
707,21623,1976-11-08,,,,4.92,,,,,6.04,7.46,,,1976-11-08,Conference Call
708,21631,1976-11-16,,,,4.99,,,,,5.86,7.33,,,1976-11-16,Meeting
709,21666,1976-12-21,,,,4.68,,,,,5.37,6.85,,,1976-12-21,Meeting
710,21694,1977-01-18,,,,4.71,,,,,6.04,7.34,,,1977-01-18,Meeting
711,21722,1977-02-15,,,,4.68,,,,,6.04,7.36,,,1977-02-15,Meeting
712,21750,1977-03-15,,,,4.61,,,,,6.06,7.44,,,1977-03-15,Meeting
713,21785,1977-04-19,,,,4.67,,,,,5.87,7.30,,,1977-04-19,Meeting
714,21813,1977-05-17,,,,5.36,,,,,6.25,7.45,,,1977-05-17,Meeting
715,21823,1977-05-27,,,,5.36,,,,,6.20,7.38,,,1977-05-27,Conference Call
716,21848,1977-06-21,,,,5.36,,,,,6.12,7.26,,,1977-06-21,Meeting
717,21876,1977-07-19,,,,5.39,,,,,6.31,7.33,,,1977-07-19,Meeting
718,21904,1977-08-16,,,,6.06,,,,,6.74,7.48,,,1977-08-16,Meeting
719,21939,1977-09-20,,,,6.06,,,,,6.70,7.36,,,1977-09-20,Meeting
720,21967,1977-10-18,,,,6.46,,,,,7.23,7.55,,,1977-10-18,Meeting
721,21995,1977-11-15,,,,6.52,,,,,7.11,7.56,,,1977-11-15,Meeting
722,22030,1977-12-20,,,,6.51,,,,,7.14,7.74,,,1977-12-20,Meeting
723,22046,1978-01-05,,,,6.56,,,,,7.26,7.83,,,1978-01-05,Conference Call
724,22058,1978-01-17,,,,6.77,,,,,7.54,7.98,,,1978-01-17,Meeting
725,22100,1978-02-28,,,,6.83,,,,,7.57,8.04,,,1978-02-28,Meeting
726,22110,1978-03-10,,,,6.77,,,,,7.54,8.00,,,1978-03-10,Conference Call
727,22121,1978-03-21,,,,6.76,,,,,7.53,7.97,,,1978-03-21,Meeting
728,22149,1978-04-18,,,,6.76,,,,,7.62,8.08,,,1978-04-18,Meeting
729,22166,1978-05-05,,,,7.29,,,,,7.96,8.34,,,1978-05-05,Conference Call
730,22177,1978-05-16,,,,7.25,,,,,7.97,8.34,,,1978-05-16,Meeting
731,22212,1978-06-20,,,,7.51,,,,,8.27,8.47,,,1978-06-20,Meeting
732,22240,1978-07-18,,,,7.99,,,,,8.46,8.63,,,1978-07-18,Meeting
733,22268,1978-08-15,,,,7.9,,,,,8.29,8.46,,,1978-08-15,Meeting
734,22292,1978-09-08,,,,8.31,,,,,8.46,8.34,,,1978-09-08,Conference Call
735,22303,1978-09-19,,,,8.34,,,,,8.54,8.38,,,1978-09-19,Meeting
736,22331,1978-10-17,,,,8.76,,,,,8.77,8.60,,,1978-10-17,Meeting
737,22366,1978-11-21,,,,9.64,,,,,9.23,8.77,,,1978-11-21,Meeting
738,22394,1978-12-19,,,,9.94,,,,,9.91,9.14,,,1978-12-19,Meeting
739,22418,1979-01-12,,,,10.01,,,,,9.92,9.14,,,1979-01-12,Conference Call
740,22443,1979-02-06,,,,10.27,,,,,9.58,9.00,,,1979-02-06,Meeting
741,22467,1979-03-02,,,,10.11,,,,,9.87,9.16,,,1979-03-02,Conference Call
742,22485,1979-03-20,,,,9.93,,,,,9.79,9.13,,,1979-03-20,Meeting
743,22513,1979-04-17,,,,9.98,,,,,9.77,9.16,,,1979-04-17,Meeting
744,22523,1979-04-27,,,,10.16,,,,,9.93,9.32,,,1979-04-27,Conference Call
745,22548,1979-05-22,,,,10.18,,,,,9.69,9.15,,,1979-05-22,Meeting
746,22584,1979-06-27,,,,10.5,,,,,8.92,8.80,,,1979-06-27,Conference Call
747,22598,1979-07-11,,,,10.24,,,,,9.04,8.97,,,1979-07-11,Meeting
748,22604,1979-07-17,,,,10.36,,,,,9.10,9.01,,,1979-07-17,Conference Call
749,22606,1979-07-19,,,,10.41,,,,,9.14,9.04,,,1979-07-19,Conference Call
750,22632,1979-08-14,,,,10.8,,,,,9.32,8.98,,,1979-08-14,Meeting
751,22667,1979-09-18,,,,11.53,,,,,10.14,9.36,,,1979-09-18,Meeting
752,22684,1979-10-05,,,,11.61,,,,,10.39,9.60,,,1979-10-05,Conference Call
753,22685,1979-10-06,,,,11.61,,,,,,,,,1979-10-06,Meeting
754,22701,1979-10-22,,,,17.6,,,,,12.43,10.96,,,1979-10-22,Conference Call
755,22730,1979-11-20,,,,12.98,,,,,12.12,10.78,,,1979-11-20,Meeting
756,22780,1980-01-09,,,,13.86,,,,,11.24,10.58,,,1980-01-09,Meeting
757,22807,1980-02-05,,,,12.63,,,,,12.49,11.73,,,1980-02-05,Meeting
758,22824,1980-02-22,,,,14.46,,,,,14.52,13.06,,,1980-02-22,Conference Call
759,22838,1980-03-07,,,,16.89,,,,,15.20,12.86,,,1980-03-07,Conference Call
760,22849,1980-03-18,,,,15.73,,,,,14.42,12.40,,,1980-03-18,Meeting
761,22884,1980-04-22,,,,16.65,,,,,11.43,10.82,,,1980-04-22,Meeting
762,22891,1980-04-29,,,,13.98,,,,,10.74,10.67,,,1980-04-29,Conference Call
763,22898,1980-05-06,,,,11.57,,,,,9.40,9.80,,,1980-05-06,Conference Call
764,22912,1980-05-20,,,,10.2,,,,,9.26,10.22,,,1980-05-20,Meeting
765,22928,1980-06-05,,,,10.07,,,,,8.97,10.02,,,1980-06-05,Conference Call
766,22962,1980-07-09,,,,8.3,,,,,8.83,10.14,,,1980-07-09,Meeting
767,22978,1980-07-25,,,,8.76,,,,,9.15,10.35,,,1980-07-25,Conference Call
768,22996,1980-08-12,,,,8.67,,,,,10.03,10.98,,,1980-08-12,Meeting
769,23006,1980-08-22,,,,10.05,,,,,11.09,11.13,,,1980-08-22,Conference Call
770,23031,1980-09-16,,,,10.81,,,,,11.68,11.52,,,1980-09-16,Meeting
771,23066,1980-10-21,,,,12.61,,,,,12.11,11.70,,,1980-10-21,Meeting
772,23094,1980-11-18,,,,17.19,,,,,13.47,12.62,,,1980-11-18,Meeting
773,23102,1980-11-26,,,,18.33,,,,,14.00,12.65,,,1980-11-26,Conference Call
774,23111,1980-12-05,,,,19.32,,,,,14.34,12.85,,,1980-12-05,Conference Call
775,23118,1980-12-12,,,,19.44,,,,,14.74,13.21,,,1980-12-12,Conference Call
776,23125,1980-12-19,,,,20.07,,,,,14.05,12.64,,,1980-12-19,Meeting
777,23171,1981-02-03,,,,17.76,,,,,13.70,12.98,,,1981-02-03,Meeting
778,23192,1981-02-24,,,,15.03,,,,,14.00,13.21,,,1981-02-24,Conference Call
779,23227,1981-03-31,,,,14.63,,,,,13.17,13.13,,,1981-03-31,Meeting
780,23255,1981-04-28,,,,17.12,,,,,14.65,13.93,,,1981-04-28,Conference Call
781,23263,1981-05-06,,,,17.02,,,,,15.83,14.56,,,1981-05-06,Conference Call
782,23275,1981-05-18,,,,18.52,,,,,15.19,13.80,,,1981-05-18,Meeting
783,23305,1981-06-17,,,,21.71,,,,,14.37,13.23,,,1981-06-17,Conference Call
784,23325,1981-07-07,,,,19.71,,,,,14.92,14.04,,,1981-07-07,Meeting
785,23335,1981-07-17,,,,17.88,,,,,15.07,14.09,,,1981-07-17,Conference Call
786,23356,1981-08-07,,,,18.51,,,,,16.05,14.83,,,1981-08-07,Conference Call
787,23367,1981-08-18,,,,19.75,,,,,16.30,14.79,,,1981-08-18,Meeting
788,23416,1981-10-06,,,,13.3,,,,,15.85,15.14,,,1981-10-06,Meeting
789,23458,1981-11-17,,,,13.16,,,,,12.71,13.18,,,1981-11-17,Meeting
790,23493,1981-12-22,,,,12.54,,,,,13.77,14.02,,,1981-12-22,Meeting
791,23535,1982-02-02,,,,15.34,,,,14.49,14.85,14.47,,,1982-02-02,Meeting
792,23591,1982-03-30,,,,15.49,,,,14.15,14.63,14.19,,,1982-03-30,Meeting
793,23640,1982-05-18,,,,14.7,,,,12.88,13.85,13.60,,,1982-05-18,Meeting
794,23642,1982-05-20,,,,14.28,,,,12.00,13.48,13.53,,,1982-05-20,Conference Call
795,23684,1982-07-01,,,,14.73,49.8138,47.665,9.8,13.14,14.60,14.40,,,1982-07-01,Meeting
796,23698,1982-07-15,,,,13.07,,,,12.14,14.07,13.96,,,1982-07-15,Conference Call
797,23738,1982-08-24,,,,9.03,,,,7.86,11.50,12.35,,,1982-08-24,Meeting
798,23769,1982-09-24,,,,10.23,,,,7.85,11.65,12.09,,,1982-09-24,Conference Call
799,23999,1937-12-01,,,,,6.2586,,,,,,,,1937-12-01,Meeting
800,24002,1938-03-01,,,,,6.0647,,,,,,,,1938-03-01,Meeting
801,24074,1944-03-01,,,,,17.2249,,,,,,,,1944-03-01,Meeting
802,24086,1945-03-01,,,,,16.671,,,,,,,,1945-03-01,Meeting
803,24098,1946-03-01,,,,,12.2956,,,,,,,,1946-03-01,Meeting
804,24110,1947-03-01,,,,,14.2341,,,,,,,,1947-03-01,Meeting
805,24122,1948-03-01,,,,,14.6218,,4.0,,,,,,1948-03-01,Meeting
806,24134,1949-03-01,,,,,14.151,,5.0,,,,,,1949-03-01,Meeting
807,24146,1950-03-01,,,,,14.9541,,6.3,,,,,,1950-03-01,Meeting
808,24170,1952-03-01,,,,,18.0003,,2.9,,,,,,1952-03-01,Meeting
