date_m,year,indpro,pcepi,pcepi_pca,inflation,unemp,lagged_unemp,market_exp,target_change,lag_dfedtar,dfedtar,d_meeting,scale,d_crisis,try_3m,try_2y,try_10y,ff_tar,d_menu_dec,d_menu_unc,d_menu_inc,d_menu_m075,d_menu_m050,d_menu_m025,d_menu_0,d_menu_025,d_menu_050,d_menu_075,ord_policy,d_nineeleven,d_month_1,d_month_2,d_month_3,d_month_4,d_month_5,d_month_6,d_month_7,d_month_8,d_month_9,d_month_10,d_month_11,d_month_12,d_month_1_fomc,d_month_2_fomc,d_month_3_fomc,d_month_4_fomc,d_month_5_fomc,d_month_6_fomc,d_month_7_fomc,d_month_8_fomc,d_month_9_fomc,d_month_10_fomc,d_month_11_fomc,d_month_12_fomc,target_change_last,target_change_last_fomc,d_menu_adj_m050,d_menu_adj_m025,d_menu_adj_0,d_menu_adj_025,d_menu_adj_050,d_sample1,d_sample2,target_change_adj,ord_adj_tchange,d_y2k,l1_inflation,l2_inflation,l1_diff_unemp,l2_diff_unemp,ch,l1_inf,l2_inf,l1_target_change,l2_target_change,l3_target_change,l4_target_change,l5_target_change,Fl1_target_change,d_policy_m050,d_policy_m025,d_policy_0,d_policy_025,d_policy_050
1989m1,1989,64.015297,59.581001,6.33075,.51284999,5.4000001,5.3000002,.4025,.3125,8.6875,9,0,0,0,8.5585003,9.1754999,9.0915003,8.9596777,0,0,0,0,0,0,0,0,0,0,10,0,1,0,0,0,0,0,0,0,0,0,0,0,0,0,0,0,0,0,0,0,0,0,0,0,,,0,0,0,0,0,0,0,.3125,6,0,,,,,,,,,,,,,,0,0,0,0,0
1989m2,1989,63.724201,59.778999,4.0615501,.33232,5.1999998,5.4000001,.29035714,.75,9,9.75,1,1.4,0,8.8368425,9.3715792,9.1689472,9.2678576,0,1,1,0,0,0,1,0,1,0,12,0,0,1,0,0,0,0,0,0,0,0,0,0,0,1,0,0,0,0,0,0,0,0,0,0,.3125,.3125,0,0,1,0,1,0,0,.5,7,0,.51284999,,.099999905,,.33176646,,,.3125,,,,,.3125,0,0,0,0,1
1989m3,1989,63.869099,60.001999,4.56949,.37303999,5,5.1999998,.39643332,0,9.75,9.75,1,10.333333,0,9.1422729,9.6795454,9.3577271,9.75,1,1,1,0,1,0,1,0,1,0,7,0,0,0,1,0,0,0,0,0,0,0,0,0,0,0,1,0,0,0,0,0,0,0,0,0,.75,.75,1,0,1,0,1,0,0,0,3,0,.33232,.51284999,-.20000029,.099999905,.37234592,.33176646,,.75,.3125,,,,.75,0,0,1,0,0
1989m4,1989,63.912399,60.402,8.2996597,.66663998,5.1999998,5,.34999999,0,9.75,9.75,0,0,0,8.9624996,9.4514999,9.1754999,9.75,0,0,0,0,0,0,0,0,0,0,7,0,0,0,0,1,0,0,0,0,0,0,0,0,0,0,0,0,0,0,0,0,0,0,0,0,0,0,0,0,0,0,0,0,0,0,3,0,.37303999,.33232,-.19999981,-.20000029,.66443473,.37234592,.33176646,0,.75,.3125,,,0,0,0,1,0,0
1989m5,1989,63.4884,60.622002,4.4593401,.36423001,5.1999998,5.1999998,.068380952,.0625,9.75,9.8125,1,2.0666666,0,8.7359095,9.0177269,8.8590908,9.780242,1,1,1,0,0,1,1,0,1,0,8,0,0,0,0,0,1,0,0,0,0,0,0,0,0,0,0,0,1,0,0,0,0,0,0,0,0,0,0,1,1,0,1,0,0,.0625,4,0,.66663998,.37303999,.19999981,-.19999981,.36356667,.66443473,.37234592,0,0,.75,.3125,,0,0,0,0,0,0
1989m6,1989,63.5187,60.755001,2.66471,.21939,5.3000002,5.1999998,-.13249999,-.25,9.8125,9.5625,0,0,0,8.4345455,8.4063635,8.2772732,9.604167,0,0,0,0,0,0,0,0,0,0,6,0,0,0,0,0,0,1,0,0,0,0,0,0,0,0,0,0,0,0,0,0,0,0,0,0,.0625,0,0,0,0,0,0,0,0,-.25,2,0,.36423001,.66663998,0,.19999981,.21915102,.36356667,.66443473,.0625,0,0,.75,.3125,0,0,1,0,0,0
1989m7,1989,62.935398,60.900002,2.90186,.23865999,5.1999998,5.3000002,-.34074286,-.5,9.5625,9.0625,1,1.24,0,8.1470003,7.8195,8.0185003,9.3205643,1,1,1,0,1,0,1,1,0,0,4,0,0,0,0,0,0,0,1,0,0,0,0,0,0,0,0,0,0,0,1,0,0,0,0,0,-.25,-.25,1,0,1,1,0,0,0,-.5,1,0,.21939,.36423001,.10000038,0,.23837988,.21915102,.36356667,-.25,.0625,0,0,.75,-.25,1,0,0,0,0
1989m8,1989,63.5168,60.907001,.13801999,.01149,5.1999998,5.1999998,-.016825842,0,9.0625,9.0625,1,3.4444444,0,8.1700001,8.144783,8.1126089,9.0625,1,1,1,0,1,0,1,0,1,0,7,0,0,0,0,0,0,0,0,1,0,0,0,0,0,0,0,0,0,0,0,1,0,0,0,0,-.5,-.5,1,0,1,0,1,1,1,0,3,0,.23865999,.21939,-.10000038,.10000038,.011493542,.23837988,.21915102,-.5,-.25,.0625,0,0,-.5,0,0,1,0,0
1989m9,1989,63.295399,61.042999,2.7126501,.22329,5.3000002,5.1999998,-.13249999,0,9.0625,9.0625,0,0,0,8.0144997,8.2845001,8.1905003,9.0625,0,0,0,0,0,0,0,0,0,0,7,0,0,0,0,0,0,0,0,0,1,0,0,0,0,0,0,0,0,0,0,0,0,0,0,0,0,0,0,0,0,0,0,1,1,0,3,0,.01149,.23865999,0,-.10000038,.22303867,.011493542,.23837988,0,-.5,-.25,.0625,0,0,0,0,1,0,0
1989m10,1989,63.2542,61.280998,4.7803102,.38988999,5.3000002,5.3000002,-.12419643,-.3125,9.0625,8.75,1,1.1071428,0,7.8995237,7.9790478,8.0076189,8.9314518,1,1,1,0,1,0,1,0,1,0,5,0,0,0,0,0,0,0,0,0,0,1,0,0,0,0,0,0,0,0,0,0,0,1,0,0,0,0,1,0,1,0,1,1,1,-.25,2,0,.22329,.01149,.10000038,0,.38912931,.22303867,.011493542,0,0,-.5,-.25,.0625,0,0,1,0,0,0
1989m11,1989,63.461601,61.415001,2.6557701,.21866,5.4000001,5.3000002,.071607143,-.25,8.75,8.5,1,1.875,0,7.9438095,7.7957144,7.8742857,8.541667,1,1,0,0,1,0,1,0,0,0,6,0,0,0,0,0,0,0,0,0,0,0,1,0,0,0,0,0,0,0,0,0,0,0,1,0,-.3125,-.3125,1,0,1,0,0,1,1,-.25,2,0,.38988999,.22329,0,.10000038,.21843049,.38912931,.22303867,-.3125,0,0,-.5,-.25,-.3125,0,1,0,0,0
1989m12,1989,63.846699,61.592999,3.5339601,.28983,5.4000001,5.4000001,.32666665,-.25,8.5,8.25,1,2.5833333,0,7.8794999,7.777,7.836,8.4032259,1,1,1,0,1,0,1,0,1,0,6,0,0,0,0,0,0,0,0,0,0,0,0,1,0,0,0,0,0,0,0,0,0,0,0,1,-.25,-.25,1,0,1,0,1,1,1,-.25,2,0,.21866,.38988999,.099999905,0,.28940836,.21843049,.38912931,-.25,-.3125,0,0,-.5,-.25,0,1,0,0,0
1990m1,1990,63.422798,62.060001,9.4876099,.75819999,5.4000001,5.4000001,-.02,0,8.25,8.25,0,0,0,7.8980951,8.0852385,8.2066669,8.25,0,0,0,0,0,0,0,0,0,0,7,0,1,0,0,0,0,0,0,0,0,0,0,0,0,0,0,0,0,0,0,0,0,0,0,0,-.25,0,0,0,0,0,0,1,1,0,3,0,.28983,.21866,0,.099999905,.75534779,.28940836,.21843049,-.25,-.25,-.3125,0,0,0,0,0,1,0,0
1990m2,1990,64.044601,62.333,5.40837,.43990001,5.3000002,5.4000001,-.030816326,0,8.25,8.25,1,1.3333334,0,8.0021057,8.3705263,8.4731579,8.25,1,1,1,0,1,0,1,0,1,0,7,0,0,1,0,0,0,0,0,0,0,0,0,0,0,1,0,0,0,0,0,0,0,0,0,0,0,0,1,0,1,0,1,1,1,0,3,0,.75819999,.28983,0,0,.43893024,.75534779,.28940836,0,-.25,-.25,-.3125,0,0,0,0,1,0,0
1990m3,1990,64.358002,62.568001,4.6190901,.37700999,5.1999998,5.3000002,.091457501,0,8.25,8.25,1,7.75,0,8.1700001,8.6268187,8.5886364,8.25,1,1,1,0,1,0,1,0,1,0,7,0,0,0,1,0,0,0,0,0,0,0,0,0,0,0,1,0,0,0,0,0,0,0,0,0,0,0,1,0,1,0,1,1,1,0,3,0,.43990001,.75819999,-.099999905,0,.37629944,.43893024,.75534779,0,0,-.25,-.25,-.3125,0,0,0,1,0,0
1990m4,1990,64.260201,62.699001,2.5416,.20937,5.4000001,5.1999998,.039999999,0,8.25,8.25,0,0,0,8.0404997,8.724,8.7854996,8.25,0,0,0,0,0,0,0,0,0,0,7,0,0,0,0,1,0,0,0,0,0,0,0,0,0,0,0,0,0,0,0,0,0,0,0,0,0,0,0,0,0,0,0,1,1,0,3,0,.37700999,.43990001,-.10000038,-.099999905,.20915414,.37629944,.43893024,0,0,0,-.25,-.25,0,0,0,1,0,0
1990m5,1990,64.397301,62.84,2.73224,.22487999,5.4000001,5.4000001,.035714287,0,8.25,8.25,1,1.9375,0,8.0068178,8.6422729,8.7581816,8.25,1,1,1,0,1,0,1,0,1,0,7,0,0,0,0,0,1,0,0,0,0,0,0,0,0,0,0,0,1,0,0,0,0,0,0,0,0,0,1,0,1,0,1,1,1,0,3,0,.20937,.37700999,.20000029,-.10000038,.22462964,.20915414,.37629944,0,0,0,0,-.25,0,0,0,1,0,0
1990m6,1990,64.604103,63.118,5.4398098,.44238999,5.1999998,5.4000001,0,0,8.25,8.25,0,0,0,7.9866667,8.3509521,8.4799995,8.25,0,0,0,0,0,0,0,0,0,0,7,0,0,0,0,0,0,1,0,0,0,0,0,0,0,0,0,0,0,0,0,0,0,0,0,0,0,0,0,0,0,0,0,1,1,0,3,0,.22487999,.20937,0,.20000029,.44141752,.22462964,.20915414,0,0,0,0,0,0,0,0,1,0,0
1990m7,1990,64.5205,63.273998,3.00652,.24716,5.5,5.1999998,-.042857144,-.25,8.25,8,1,1.1071428,0,7.8747621,8.1571426,8.4714289,8.0967741,1,1,1,0,1,0,1,0,1,0,6,0,0,0,0,0,0,0,1,0,0,0,0,0,0,0,0,0,0,0,1,0,0,0,0,0,0,0,1,0,1,0,1,1,1,-.25,2,0,.44238999,.22487999,-.20000029,0,.24684839,.44141752,.22462964,0,0,0,0,0,0,0,1,0,0,0
1990m8,1990,64.732597,63.695,8.2830896,.66535997,5.6999998,5.5,.055,0,8,8,1,3.0999999,0,7.6943479,8.0613041,8.7526083,8,1,1,1,0,1,0,1,0,1,0,7,0,0,0,0,0,0,0,0,1,0,0,0,0,0,0,0,0,0,0,0,1,0,0,0,0,-.25,-.25,1,0,1,0,1,1,1,0,3,0,.24716,.44238999,.30000019,-.20000029,.66315871,.24684839,.44141752,-.25,0,0,0,0,-.25,0,0,1,0,0
1990m9,1990,64.814499,64.085999,7.6202202,.61386001,5.9000001,5.6999998,-.090000004,0,8,8,0,0,0,7.5978947,8.0794735,8.893158,8,0,0,0,0,0,0,0,0,0,0,7,0,0,0,0,0,0,0,0,0,1,0,0,0,0,0,0,0,0,0,0,0,0,0,0,0,0,0,0,0,0,0,0,1,1,0,3,0,.66535997,.24716,.19999981,.30000019,.61198467,.66315871,.24684839,0,-.25,0,0,0,0,0,0,1,0,0
1990m10,1990,64.3274,64.453003,7.0926499,.57266998,5.9000001,5.9000001,-.099211819,-.25,8,7.75,1,1.0689656,0,7.4000001,7.8777275,8.7195454,7.9758062,1,1,1,0,1,0,1,0,1,0,6,0,0,0,0,0,0,0,0,0,0,1,0,0,0,0,0,0,0,0,0,0,0,1,0,0,0,0,1,0,1,0,1,1,1,-.25,2,0,.61386001,.66535997,.20000029,.19999981,.57104129,.61198467,.66315871,0,0,-.25,0,0,0,0,1,0,0,0
1990m11,1990,63.575298,64.533997,1.51854,.12567,6.1999998,5.9000001,-.05394958,-.25,7.75,7.5,1,1.7647059,0,7.2905002,7.5984998,8.3920002,7.6083331,1,1,1,0,1,0,1,1,0,0,6,0,0,0,0,0,0,0,0,0,0,0,1,0,0,0,0,0,0,0,0,0,0,0,1,0,-.25,-.25,1,0,1,1,0,1,1,-.25,2,0,.57266998,.61386001,0,.20000029,.12558423,.57104129,.61198467,-.25,0,0,-.25,0,-.25,0,1,0,0,0
1990m12,1990,63.159401,64.595001,1.1402,.094520003,6.3000002,6.1999998,.63912088,-.5,7.5,7,1,2.3846154,0,6.9495001,7.3140001,8.0749998,7.1935482,1,1,0,0,1,0,1,0,0,0,4,0,0,0,0,0,0,0,0,0,0,0,0,1,0,0,0,0,0,0,0,0,0,0,0,1,-.25,-.25,1,0,1,0,0,1,1,-.5,1,0,.12567,.57266998,.29999971,0,.094486356,.12558423,.57104129,-.25,-.25,0,0,-.25,-.25,1,0,0,0,0
1991m1,1991,62.885201,64.839996,4.6475902,.37929001,6.4000001,6.3000002,.0099999998,-.25,7,6.75,0,0,0,6.4104762,7.1252379,8.0928574,6.8145161,0,0,0,0,0,0,0,0,0,0,6,0,1,0,0,0,0,0,0,0,0,0,0,0,0,0,0,0,0,0,0,0,0,0,0,0,-.5,0,0,0,0,0,0,1,1,-.25,2,0,.094520003,.12567,.10000038,.29999971,.37856132,.094486356,.12558423,-.5,-.25,-.25,0,0,0,0,1,0,0,0
1991m2,1991,62.446201,64.873001,.61245,.050889999,6.5999999,6.4000001,.10415585,-.5,6.75,6.25,1,1.2727273,0,6.1163158,6.8668423,7.8547368,6.25,1,1,0,0,1,0,1,0,0,0,4,0,0,1,0,0,0,0,0,0,0,0,0,0,0,1,0,0,0,0,0,0,0,0,0,0,-.25,-.25,1,0,1,0,0,1,1,-.5,1,0,.37929001,.094520003,.099999905,.10000038,.050888903,.37856132,.094486356,-.25,-.5,-.25,-.25,0,-.25,1,0,0,0,0
1991m3,1991,62.118999,64.887001,.25928,.021579999,6.8000002,6.5999999,.62954658,-.25,6.25,6,1,6.1999998,0,6.0935001,7.1030002,8.1099997,6.0564518,1,1,1,0,1,0,1,0,1,0,6,0,0,0,1,0,0,0,0,0,0,0,0,0,0,0,1,0,0,0,0,0,0,0,0,0,-.5,-.5,1,0,1,0,1,1,1,-.25,2,0,.050889999,.37929001,.19999981,.099999905,.021578204,.050888903,.37856132,-.5,-.25,-.5,-.25,-.25,-.5,0,1,0,0,0
1991m4,1991,62.241501,65.003998,2.1853499,.18031,6.6999998,6.8000002,.059999999,-.25,6,5.75,0,0,0,5.8254547,6.9481816,8.0390911,5.9916668,0,0,0,0,0,0,0,0,0,0,6,0,0,0,0,1,0,0,0,0,0,0,0,0,0,0,0,0,0,0,0,0,0,0,0,0,-.25,0,0,0,0,0,0,1,1,-.25,2,0,.021579999,.050889999,.20000029,.19999981,.18014611,.021578204,.050888903,-.25,-.5,-.25,-.5,-.25,0,0,1,0,0,0
1991m5,1991,62.864601,65.274002,5.0997701,.41536,6.9000001,6.6999998,.029831933,0,5.75,5.75,1,1.8235294,0,5.6336365,6.7836366,8.0677271,5.75,1,1,0,0,1,0,1,0,0,0,7,0,0,0,0,0,1,0,0,0,0,0,0,0,0,0,0,0,1,0,0,0,0,0,0,0,-.25,-.25,1,0,1,0,0,1,1,0,3,0,.18031,.021579999,-.10000038,.20000029,.41450539,.18014611,.021578204,-.25,-.25,-.5,-.25,-.5,-.25,0,0,1,0,0
1991m6,1991,63.437199,65.384003,2.04109,.16852,6.9000001,6.9000001,.0099999998,0,5.75,5.75,0,0,0,5.7509999,6.9559999,8.2840004,5.75,0,0,0,0,0,0,0,0,0,0,7,0,0,0,0,0,0,1,0,0,0,0,0,0,0,0,0,0,0,0,0,0,0,0,0,0,0,0,0,0,0,0,0,1,1,0,3,0,.41536,.18031,.20000029,-.10000038,.16837949,.41450539,.18014611,0,-.25,-.25,-.5,-.25,0,0,0,1,0,0
1991m7,1991,63.512798,65.487,1.90684,.15752999,6.8000002,6.9000001,.086122446,0,5.75,5.75,1,1.1071428,0,5.7509093,6.9177275,8.272727,5.75,1,1,1,0,1,0,1,0,1,0,7,0,0,0,0,0,0,0,1,0,0,0,0,0,0,0,0,0,0,0,1,0,0,0,0,0,0,0,1,0,1,0,1,1,1,0,3,0,.16852,.41536,0,.20000029,.1574021,.16837949,.41450539,0,0,-.25,-.25,-.5,0,0,0,1,0,0
1991m8,1991,63.567101,65.639,2.82112,.23210999,6.9000001,6.8000002,.11363638,-.25,5.75,5.5,1,2.8181818,0,5.4977274,6.4331818,7.9000001,5.5403228,1,1,0,0,1,0,1,0,0,0,6,0,0,0,0,0,0,0,0,1,0,0,0,0,0,0,0,0,0,0,0,1,0,0,0,0,0,0,1,0,1,0,0,1,1,-.25,2,0,.15752999,.16852,-.099999905,0,.23183884,.1574021,.16837949,0,0,0,-.25,-.25,0,0,1,0,0,0
1991m9,1991,64.133003,65.864998,4.2108402,.34430999,6.9000001,6.9000001,-.0099999998,-.25,5.5,5.25,0,0,0,5.3734999,6.1815,7.6500001,5.3499999,0,0,0,0,0,0,0,0,0,0,6,0,0,0,0,0,0,0,0,0,1,0,0,0,0,0,0,0,0,0,0,0,0,0,0,0,-.25,0,0,0,0,0,0,1,1,-.25,2,0,.23210999,.15752999,.099999905,-.099999905,.34371296,.23183884,.1574021,-.25,0,0,0,-.25,0,0,1,0,0,0
1991m10,1991,64.021301,65.988998,2.2827101,.18826,7,6.9000001,-.027809523,-.25,5.25,5,1,1.0333333,0,5.1440911,5.9122729,7.5272727,5.2419353,1,1,0,0,1,0,1,0,0,0,6,0,0,0,0,0,0,0,0,0,0,1,0,0,0,0,0,0,0,0,0,0,0,1,0,0,-.25,-.25,1,0,1,0,0,1,1,-.25,2,0,.34430999,.23210999,0,.099999905,.18808772,.34371296,.23183884,-.25,-.25,0,0,0,-.25,0,1,0,0,0
1991m11,1991,63.948002,66.133003,2.65028,.21822,7,7,-.070628569,-.25,5,4.75,1,1.2,0,4.6894736,5.5589476,7.4173684,4.7916665,1,1,0,0,1,0,1,0,0,0,6,0,0,0,0,0,0,0,0,0,0,0,1,0,0,0,0,0,0,0,0,0,0,0,1,0,-.25,-.25,1,0,1,0,0,1,1,-.25,2,0,.18826,.34430999,.099999905,0,.21798773,.18808772,.34371296,-.25,-.25,-.25,0,0,-.25,0,1,0,0,0
1991m12,1991,63.693699,66.299004,3.05405,.25101,7.3000002,7,.12285715,-.75,4.75,4,1,2.2142856,0,4.1842856,5.0257144,7.0885715,4.3467741,1,1,0,0,1,0,1,0,0,0,3,0,0,0,0,0,0,0,0,0,0,0,0,1,0,0,0,0,0,0,0,0,0,0,0,1,-.25,-.25,1,0,1,0,0,1,1,-.5,1,0,.21822,.18826,0,.099999905,.25069538,.21798773,.18808772,-.25,-.25,-.25,-.25,0,-.25,1,0,0,0,0
1992m1,1992,63.337399,66.389,1.6411999,.13575,7.3000002,7.3000002,-.02,0,4,4,0,0,0,3.9061904,4.9580951,7.0323811,4,0,0,0,0,0,0,0,0,0,0,7,0,1,0,0,0,0,0,0,0,0,0,0,0,0,0,0,0,0,0,0,0,0,0,0,0,-.75,0,0,0,0,0,0,1,1,0,3,0,.25101,.21822,.30000019,0,.13565108,.25069538,.21798773,-.75,-.25,-.25,-.25,-.25,0,0,0,1,0,0
1992m2,1992,63.7911,66.556999,3.0792699,.25305,7.4000001,7.3000002,-.060535714,0,4,4,1,1.2083334,0,3.95,5.2121053,7.3378949,4,1,1,0,0,1,0,1,0,0,0,7,0,0,1,0,0,0,0,0,0,0,0,0,0,0,1,0,0,0,0,0,0,0,0,0,0,0,0,1,0,1,0,0,1,1,0,3,0,.13575,.25101,0,.30000019,.25273323,.13565108,.25069538,0,-.75,-.25,-.25,-.25,0,0,0,1,0,0
1992m3,1992,64.321198,66.718002,2.94171,.2419,7.4000001,7.4000001,-.02,0,4,4,0,0,0,4.1386366,5.6849999,7.5422726,4,1,1,1,0,1,0,1,0,1,0,7,0,0,0,1,0,0,0,0,0,0,0,0,0,0,0,0,0,0,0,0,0,0,0,0,0,0,0,1,0,1,0,1,1,1,0,3,0,.25305,.13575,.099999905,0,.24161048,.25273323,.13565108,0,0,-.75,-.25,-.25,0,0,0,1,0,0
1992m4,1992,64.8088,66.899002,3.3045101,.27129,7.4000001,7.4000001,.029999999,-.25,4,3.75,1,1,0,3.8390477,5.3442855,7.4804764,3.8166666,0,0,0,0,0,0,0,0,0,0,6,0,0,0,0,1,0,0,0,0,0,0,0,0,0,0,0,1,0,0,0,0,0,0,0,0,0,0,0,0,0,0,0,1,1,-.25,2,0,.2419,.25305,0,.099999905,.27092341,.24161048,.25273323,0,0,0,-.75,-.25,0,0,1,0,0,0
1992m5,1992,65.020203,66.987,1.58997,.13154,7.5999999,7.4000001,-.086785711,0,3.75,3.75,1,2.5833333,0,3.7190001,5.2255001,7.3920002,3.75,1,1,1,0,1,0,1,0,1,0,7,0,0,0,0,0,1,0,0,0,0,0,0,0,0,0,0,0,1,0,0,0,0,0,0,0,-.25,-.25,1,0,1,0,1,1,1,0,3,0,.27129,.2419,0,0,.13145131,.27092341,.24161048,-.25,0,0,0,-.75,-.25,0,0,1,0,0
1992m6,1992,65.029503,67.107002,2.17098,.17914,7.8000002,7.5999999,.02,0,3.75,3.75,0,0,0,3.7449999,5.048182,7.2618184,3.75,0,0,0,0,0,0,0,0,0,0,7,0,0,0,0,0,0,1,0,0,0,0,0,0,0,0,0,0,0,0,0,0,0,0,0,0,0,0,0,0,0,0,0,1,1,0,3,0,.13154,.27129,.19999981,0,.17898306,.13145131,.27092341,0,-.25,0,0,0,0,0,0,1,0,0
1992m7,1992,65.617203,67.328003,4.0242701,.32932001,7.6999998,7.8000002,-.089333333,-.5,3.75,3.25,1,1.0333333,0,3.2795455,4.3554544,6.8445454,3.266129,1,1,1,0,1,0,1,0,1,0,4,0,0,0,0,0,0,0,1,0,0,0,0,0,0,0,0,0,0,0,1,0,0,0,0,0,0,0,1,0,1,0,1,1,1,-.5,1,0,.17914,.13154,.20000029,.19999981,.3287847,.17898306,.13145131,0,0,-.25,0,0,0,1,0,0,0,0
1992m8,1992,65.294296,67.417999,1.61593,.13367,7.5999999,7.6999998,-.0310989,0,3.25,3.25,1,2.3846154,0,3.1990476,4.1928573,6.5857143,3.25,1,1,1,0,1,0,1,0,1,0,7,0,0,0,0,0,0,0,0,1,0,0,0,0,0,0,0,0,0,0,0,1,0,0,0,0,-.5,-.5,1,0,1,0,1,1,1,0,3,0,.32932001,.17914,-.10000038,.20000029,.13357925,.3287847,.17898306,-.5,0,0,-.25,0,-.5,0,0,1,0,0
1992m9,1992,65.445999,67.528,1.9756,.16316,7.5999999,7.5999999,-.02,-.25,3.25,3,0,0,0,2.9685714,3.8942857,6.4152379,3.0250001,0,0,0,0,0,0,0,0,0,0,6,0,0,0,0,0,0,0,0,0,1,0,0,0,0,0,0,0,0,0,0,0,0,0,0,0,0,0,0,0,0,0,0,1,1,-.25,2,0,.13367,.32932001,-.099999905,-.10000038,.16302912,.13357925,.3287847,0,-.5,0,0,-.25,0,0,1,0,0,0
1992m10,1992,65.936897,67.766998,4.33078,.35393,7.3000002,7.5999999,-.055714287,0,3,3,1,1.24,0,2.932857,4.0828571,6.5890474,3,1,1,0,0,1,0,1,0,0,0,7,0,0,0,0,0,0,0,0,0,0,1,0,0,0,0,0,0,0,0,0,0,0,1,0,0,-.25,-.25,1,0,1,0,0,1,1,0,3,0,.16316,.13367,0,-.099999905,.35330006,.16302912,.13357925,-.25,0,-.5,0,0,-.25,0,0,1,0,0
1992m11,1992,66.2174,67.900002,2.3807199,.19626001,7.4000001,7.3000002,.14494506,0,3,3,1,2.3076923,0,3.2057896,4.5794735,6.873158,3,1,1,0,0,1,0,1,0,0,0,7,0,0,0,0,0,0,0,0,0,0,0,1,0,0,0,0,0,0,0,0,0,0,0,1,0,0,0,1,0,1,0,0,1,1,0,3,0,.35393,.16316,-.29999971,0,.19607314,.35330006,.16302912,0,-.25,0,-.5,0,0,0,0,1,0,0
1992m12,1992,66.277199,68.017998,2.1054699,.17377999,7.4000001,7.4000001,.37920627,0,3,3,1,3.4444444,0,3.2913637,4.6736364,6.77,3,1,1,1,0,1,0,1,0,1,0,7,0,0,0,0,0,0,0,0,0,0,0,0,1,0,0,0,0,0,0,0,0,0,0,0,1,0,0,1,0,1,0,1,1,1,0,3,0,.19626001,.35393,.099999905,-.29999971,.17362858,.19607314,.35330006,0,0,-.25,0,-.5,0,0,0,1,0,0
1993m1,1993,66.564301,68.183998,2.9682701,.24405,7.3000002,7.4000001,.14,0,3,3,0,0,0,3.0710526,4.3899999,6.5999999,3,0,0,0,0,0,0,0,0,0,0,7,0,1,0,0,0,0,0,0,0,0,0,0,0,0,0,0,0,0,0,0,0,0,0,0,0,0,0,0,0,0,0,0,1,1,0,3,0,.17377999,.19626001,0,.099999905,.24375626,.17362858,.19607314,0,0,0,-.25,0,0,0,0,1,0,0
1993m2,1993,66.859398,68.287003,1.82788,.15106,7.0999999,7.3000002,.017999999,0,3,3,1,1.12,0,2.9926317,4.0984211,6.2589474,3,1,1,1,0,1,0,1,0,1,0,7,0,0,1,0,0,0,0,0,0,0,0,0,0,0,1,0,0,0,0,0,0,0,0,0,0,0,0,1,0,1,0,1,1,1,0,3,0,.24405,.17377999,-.099999905,0,.15095438,.24375626,.17362858,0,0,0,0,-.25,0,0,0,1,0,0
1993m3,1993,66.7658,68.427002,2.4881401,.20502,7,7.0999999,.13374919,0,3,3,1,3.875,0,3.0143478,3.9495652,5.9752173,3,1,1,1,0,1,0,1,0,1,0,7,0,0,0,1,0,0,0,0,0,0,0,0,0,0,0,1,0,0,0,0,0,0,0,0,0,0,0,1,0,1,0,1,1,1,0,3,0,.15106,.24405,-.20000029,-.099999905,.20480628,.15095438,.24375626,0,0,0,0,0,0,0,0,1,0,0
1993m4,1993,67,68.609001,3.2388301,.26598001,7.0999999,7,.039999999,0,3,3,0,0,0,2.9304762,3.8376191,5.9695239,3,0,0,0,0,0,0,0,0,0,0,7,0,0,0,0,1,0,0,0,0,0,0,0,0,0,0,0,0,0,0,0,0,0,0,0,0,0,0,0,0,0,0,0,1,1,0,3,0,.20502,.15106,-.099999905,-.20000029,.26562262,.20480628,.15095438,0,0,0,0,0,0,0,0,1,0,0
1993m5,1993,66.767403,68.820999,3.7716401,.30899999,7.0999999,7.0999999,.0086813178,0,3,3,1,2.3846154,0,3.0250001,3.977,6.0355,3,1,1,1,0,1,0,1,0,1,0,7,0,0,0,0,0,1,0,0,0,0,0,0,0,0,0,0,0,1,0,0,0,0,0,0,0,0,0,1,0,1,0,1,1,1,0,3,0,.26598001,.20502,.099999905,-.099999905,.30851802,.26562262,.20480628,0,0,0,0,0,0,0,0,1,0,0
1993m6,1993,66.878098,68.845001,.41927999,.034869999,7,7.0999999,.090000004,0,3,3,0,0,0,3.1445456,4.1636362,5.9627271,3,0,0,0,0,0,0,0,0,0,0,7,0,0,0,0,0,0,1,0,0,0,0,0,0,0,0,0,0,0,0,0,0,0,0,0,0,0,0,0,0,0,0,0,1,1,0,3,0,.30899999,.26598001,0,.099999905,.034870014,.30851802,.26562262,0,0,0,0,0,0,0,0,1,0,0
1993m7,1993,67.084503,68.954002,1.91655,.15832999,6.9000001,7,.01595238,0,3,3,1,1.2916666,0,3.1109524,4.0719047,5.8052382,3,1,1,1,0,1,0,1,0,1,0,7,0,0,0,0,0,0,0,1,0,0,0,0,0,0,0,0,0,0,0,1,0,0,0,0,0,0,0,1,0,1,0,1,1,1,0,3,0,.034869999,.30899999,-.099999905,0,.15820315,.034870014,.30851802,0,0,0,0,0,0,0,0,1,0,0
1993m8,1993,67.014,69.071999,2.0729799,.17113,6.8000002,6.9000001,.07336735,0,3,3,1,2.2142856,0,3.0904546,4.0013638,5.6777272,3,1,1,1,0,1,0,1,0,1,0,7,0,0,0,0,0,0,0,0,1,0,0,0,0,0,0,0,0,0,0,0,1,0,0,0,0,0,0,1,0,1,0,1,1,1,0,3,0,.15832999,.034869999,-.099999905,-.099999905,.17097683,.15820315,.034870014,0,0,0,0,0,0,0,0,1,0,0
1993m9,1993,67.334503,69.143997,1.25807,.10424,6.6999998,6.8000002,.10127056,0,3,3,1,3.3333333,0,3.0085714,3.8471429,5.3600001,3,1,1,1,0,1,0,1,0,1,0,7,0,0,0,0,0,0,0,0,0,1,0,0,0,0,0,0,0,0,0,0,0,1,0,0,0,0,0,1,0,1,0,1,1,1,0,3,0,.17113,.15832999,-.099999905,-.099999905,.10418274,.17097683,.15820315,0,0,0,0,0,0,0,0,1,0,0
1993m10,1993,67.851501,69.362,3.84971,.31527999,6.8000002,6.6999998,.039999999,0,3,3,0,0,0,3.092,3.8745,5.3340001,3,0,0,0,0,0,0,0,0,0,0,7,0,0,0,0,0,0,0,0,0,0,1,0,0,0,0,0,0,0,0,0,0,0,0,0,0,0,0,0,0,0,0,0,1,1,0,3,0,.10424,.17113,-.10000038,-.099999905,.31479141,.10418274,.17097683,0,0,0,0,0,0,0,0,1,0,0
1993m11,1993,68.132599,69.492996,2.29006,.18886,6.5999999,6.8000002,.032244898,0,3,3,1,2.1428571,0,3.1795001,4.1554999,5.724,3,1,1,1,0,1,0,1,0,1,0,7,0,0,0,0,0,0,0,0,0,0,0,1,0,0,0,0,0,0,0,0,0,0,0,1,0,0,0,1,0,1,0,1,1,1,0,3,0,.31527999,.10424,.10000038,-.10000038,.18868135,.31479141,.10418274,0,0,0,0,0,0,0,0,1,0,0
1993m12,1993,68.505402,69.509003,.27664,.023019999,6.5,6.5999999,.19828568,0,3,3,1,3.0999999,0,3.1277273,4.2122726,5.7740908,3,1,1,1,0,1,0,1,0,1,0,7,0,0,0,0,0,0,0,0,0,0,0,0,1,0,0,0,0,0,0,0,0,0,0,0,1,0,0,1,0,1,0,1,1,1,0,3,0,.18886,.31527999,-.20000029,.10000038,.02303056,.18868135,.31479141,0,0,0,0,0,0,0,0,1,0,0
1994m1,1994,68.764801,69.531998,.39779001,.033089999,6.5999999,6.5,.12,0,3,3,0,0,0,3.0445001,4.1399999,5.7505002,3,0,0,0,0,0,0,0,0,0,0,7,0,1,0,0,0,0,0,0,0,0,0,0,0,0,0,0,0,0,0,0,0,0,0,0,0,0,0,0,0,0,0,0,1,1,0,3,0,.023019999,.18886,-.099999905,-.20000029,.033076569,.02303056,.18868135,0,0,0,0,0,0,0,0,1,0,0
1994m2,1994,68.7836,69.693001,2.81424,.23154999,6.5999999,6.5999999,.16114286,.25,3,3.25,1,1.12,0,3.3305264,4.4742107,5.9731579,3.2232144,1,1,1,0,1,0,1,0,1,0,9,0,0,1,0,0,0,0,0,0,0,0,0,0,0,1,0,0,0,0,0,0,0,0,0,0,0,0,1,0,1,0,1,1,1,.25,5,0,.033089999,.023019999,.099999905,-.099999905,.23128487,.033076569,.02303056,0,0,0,0,0,0,0,0,0,1,0
1994m3,1994,69.476601,69.885002,3.3564799,.27548999,6.5,6.5999999,.30928582,.25,3.25,3.5,1,3.0999999,0,3.5908697,4.9952173,6.4826088,3.3306451,0,1,1,0,0,0,1,0,1,0,9,0,0,0,1,0,0,0,0,0,0,0,0,0,0,0,1,0,0,0,0,0,0,0,0,0,.25,.25,0,0,1,0,1,1,1,.25,5,0,.23154999,.033089999,0,.099999905,.27511707,.23128487,.033076569,.25,0,0,0,0,.25,0,0,0,1,0
1994m4,1994,69.8703,69.968002,1.43455,.11877,6.4000001,6.5,.090000004,.25,3.5,3.75,0,0,0,3.7805264,5.5494738,6.972105,3.6083333,0,0,0,0,0,0,0,0,0,0,9,0,0,0,0,1,0,0,0,0,0,0,0,0,0,0,0,0,0,0,0,0,0,0,0,0,.25,0,0,0,0,0,0,1,1,.25,5,0,.27548999,.23154999,-.099999905,0,.11869633,.27511707,.23128487,.25,.25,0,0,0,0,0,0,0,1,0
1994m5,1994,70.228104,70.069,1.74604,.14435001,6.0999999,6.4000001,.33390477,.5,3.75,4.25,1,2.0666666,0,4.2676191,5.9680953,7.1833334,3.9919355,0,1,1,0,0,0,1,1,0,0,11,0,0,0,0,0,1,0,0,0,0,0,0,0,0,0,0,0,1,0,0,0,0,0,0,0,.25,.25,0,0,1,1,0,1,1,.5,7,0,.11877,.27548999,-.099999905,-.099999905,.14424466,.11869633,.27511707,.25,.25,.25,0,0,.25,0,0,0,0,1
1994m6,1994,70.6763,70.240997,2.98576,.24547,6.0999999,6.0999999,.059999999,0,4.25,4.25,0,0,0,4.2490907,5.9313636,7.1013637,4.25,0,0,0,0,0,0,0,0,0,0,7,0,0,0,0,0,0,1,0,0,0,0,0,0,0,0,0,0,0,0,0,0,0,0,0,0,.5,0,0,0,0,0,0,1,1,0,3,0,.14435001,.11877,-.30000019,-.099999905,.24516736,.14424466,.11869633,.5,.25,.25,.25,0,0,0,0,1,0,0
1994m7,1994,70.784599,70.461998,3.8415999,.31463,6.0999999,6.0999999,.25032967,0,4.25,4.25,1,1.1923077,0,4.4565001,6.1300001,7.2979999,4.25,0,1,1,0,0,0,1,1,0,0,7,0,0,0,0,0,0,0,1,0,0,0,0,0,0,0,0,0,0,0,1,0,0,0,0,0,0,0,0,0,1,1,0,1,1,0,3,0,.24547,.14435001,0,-.30000019,.31413808,.24516736,.14424466,0,.5,.25,.25,.25,0,0,0,1,0,0
1994m8,1994,71.205299,70.623001,2.7766199,.22849,6,6.0999999,.34455356,.5,4.25,4.75,1,1.9375,0,4.6117392,6.1773915,7.2360868,4.5080647,0,1,1,0,0,0,1,1,0,0,11,0,0,0,0,0,0,0,0,1,0,0,0,0,0,0,0,0,0,0,0,1,0,0,0,0,0,0,0,0,1,1,0,1,1,.5,7,0,.31463,.24547,0,0,.22823572,.31413808,.24516736,0,0,.5,.25,.25,0,0,0,0,0,1
1994m9,1994,71.4767,70.702003,1.35063,.11186,5.9000001,6,.2968725,0,4.75,4.75,1,7.5,0,4.7514286,6.3923807,7.4571428,4.75,0,1,1,0,0,0,1,1,0,0,7,0,0,0,0,0,0,0,0,0,1,0,0,0,0,0,0,0,0,0,0,0,1,0,0,0,.5,.5,0,0,1,1,0,1,1,0,3,0,.22849,.31463,-.099999905,0,.11180242,.22823572,.31413808,.5,0,0,.5,.25,.5,0,0,1,0,0
1994m10,1994,72.082001,70.821999,2.05584,.16972999,5.8000002,5.9000001,.20999999,0,4.75,4.75,0,0,0,5.1020002,6.7284999,7.744,4.75,0,0,0,0,0,0,0,0,0,0,7,0,0,0,0,0,0,0,0,0,0,1,0,0,0,0,0,0,0,0,0,0,0,0,0,0,0,0,0,0,0,0,0,1,1,0,3,0,.11186,.22849,-.099999905,-.099999905,.16957568,.11180242,.22823572,0,.5,0,0,.5,0,0,0,1,0,0
1994m11,1994,72.526299,70.957001,2.3115599,.19062001,5.5999999,5.8000002,.7279464,.75,4.75,5.5,1,1.875,0,5.4489999,7.1485,7.9549999,5.1500001,0,1,1,0,0,0,1,0,1,0,12,0,0,0,0,0,0,0,0,0,0,0,1,0,0,0,0,0,0,0,0,0,0,0,1,0,0,0,0,0,1,0,1,1,1,.5,7,0,.16972999,.11186,-.099999905,-.099999905,.1904403,.16957568,.11180242,0,0,.5,0,0,0,0,0,0,0,1
1994m12,1994,73.287903,71.002998,.78072,.064829998,5.5,5.5999999,.34404761,0,5.5,5.5,1,2.5833333,0,5.7647619,7.5895238,7.8138094,5.5,0,1,1,0,0,0,1,0,1,0,7,0,0,0,0,0,0,0,0,0,0,0,0,1,0,0,0,0,0,0,0,0,0,0,0,1,.75,.75,0,0,1,0,1,1,1,0,3,0,.19062001,.16972999,-.20000029,-.099999905,.064803638,.1904403,.16957568,.75,0,0,.5,0,.75,0,0,1,0,0
1995m1,1995,73.421898,71.146004,2.4437499,.2014,5.5999999,5.5,.19,0,5.5,5.5,0,0,0,5.9015002,7.507,7.7795,5.5,0,0,0,0,0,0,0,0,0,0,7,0,1,0,0,0,0,0,0,0,0,0,0,0,0,0,0,0,0,0,0,0,0,0,0,0,0,0,0,0,0,0,0,1,1,0,3,0,.064829998,.19062001,-.099999905,-.20000029,.20120496,.064803638,.1904403,0,.75,0,0,.5,0,0,0,1,0,0
1995m2,1995,73.302498,71.272003,2.1460299,.1771,5.4000001,5.5999999,.46000001,.5,5.5,6,1,1,0,5.9394736,7.1115789,7.4694738,6,0,1,1,0,0,0,1,0,1,0,11,0,0,1,0,0,0,0,0,0,0,0,0,0,0,1,0,0,0,0,0,0,0,0,0,0,0,0,0,0,1,0,1,1,1,.5,7,0,.2014,.064829998,.099999905,-.099999905,.1769432,.20120496,.064803638,0,0,.75,0,0,0,0,0,0,0,1
1995m3,1995,73.408096,71.403999,2.24525,.18521,5.4000001,5.4000001,.0939475,0,6,6,1,7.75,0,5.9104347,6.7756524,7.2047825,6,1,1,1,0,1,0,1,0,1,0,7,0,0,0,1,0,0,0,0,0,0,0,0,0,0,0,1,0,0,0,0,0,0,0,0,0,.5,.5,1,0,1,0,1,1,1,0,3,0,.1771,.2014,-.19999981,.099999905,.18502928,.1769432,.20120496,.5,0,0,.75,0,.5,0,0,1,0,0
1995m4,1995,73.361198,71.592003,3.2056401,.26328999,5.8000002,5.4000001,.039999999,0,6,6,0,0,0,5.8378949,6.5678949,7.0626316,6,0,0,0,0,0,0,0,0,0,0,7,0,0,0,0,1,0,0,0,0,0,0,0,0,0,0,0,0,0,0,0,0,0,0,0,0,0,0,0,0,0,0,0,1,1,0,3,0,.18521,.1771,0,-.19999981,.26294953,.18502928,.1769432,0,.5,0,0,.75,0,0,0,1,0,0
1995m5,1995,73.610397,71.702003,1.85944,.15365,5.5999999,5.8000002,.034444444,0,6,6,1,3.4444444,0,5.8477273,6.1709089,6.6327271,6,1,1,1,0,1,0,1,0,1,0,7,0,0,0,0,0,1,0,0,0,0,0,0,0,0,0,0,0,1,0,0,0,0,0,0,0,0,0,1,0,1,0,1,1,1,0,3,0,.26328999,.18521,.4000001,0,.15353137,.26294953,.18502928,0,0,.5,0,0,0,0,0,1,0,0
1995m6,1995,73.860199,71.772003,1.17783,.097630002,5.5999999,5.5999999,-.0099999998,0,6,6,0,0,0,5.639091,5.715909,6.1681819,6,0,0,0,0,0,0,0,0,0,0,7,0,0,0,0,0,0,1,0,0,0,0,0,0,0,0,0,0,0,0,0,0,0,0,0,0,0,0,0,0,0,0,0,1,1,0,3,0,.15365,.26328999,-.20000029,.4000001,.097578235,.15353137,.26294953,0,0,0,.5,0,0,0,0,1,0,0
1995m7,1995,73.566399,71.862,1.51519,.12540001,5.6999998,5.5999999,-.2443956,-.25,6,5.75,1,1.1923077,0,5.5929999,5.7800002,6.2779999,5.7903228,1,1,0,0,1,0,1,0,0,0,6,0,0,0,0,0,0,0,1,0,0,0,0,0,0,0,0,0,0,0,1,0,0,0,0,0,0,0,1,0,1,0,0,1,1,-.25,2,0,.097630002,.15365,0,-.20000029,.12531343,.097578235,.15353137,0,0,0,0,.5,0,0,1,0,0,0
1995m8,1995,74.495003,72.016998,2.61922,.21569,5.6999998,5.6999998,-.010285748,0,5.75,5.75,1,3.0999999,0,5.5656524,5.9808698,6.4882607,5.75,1,1,1,0,1,0,1,0,1,0,7,0,0,0,0,0,0,0,0,1,0,0,0,0,0,0,0,0,0,0,0,1,0,0,0,0,-.25,-.25,1,0,1,0,1,1,1,0,3,0,.12540001,.097630002,.099999905,0,.21545722,.12531343,.097578235,-.25,0,0,0,0,-.25,0,0,1,0,0
1995m9,1995,74.793701,72.066002,.81954002,.068039998,5.5999999,5.6999998,.048,0,5.75,5.75,1,6,0,5.434,5.8060002,6.1975002,5.75,1,1,1,0,1,0,1,0,1,0,7,0,0,0,0,0,0,0,0,0,1,0,0,0,0,0,0,0,0,0,0,0,1,0,0,0,0,0,1,0,1,0,1,1,1,0,3,0,.21569,.12540001,0,.099999905,.06802135,.21545722,.12531343,0,-.25,0,0,0,0,0,0,1,0,0
1995m10,1995,74.701698,72.252998,3.1586399,.25948,5.5,5.5999999,0,0,5.75,5.75,0,0,0,5.4442859,5.6971431,6.0447621,5.75,0,0,0,0,0,0,0,0,0,0,7,0,0,0,0,0,0,0,0,0,0,1,0,0,0,0,0,0,0,0,0,0,0,0,0,0,0,0,0,0,0,0,0,1,1,0,3,0,.068039998,.21569,-.099999905,0,.25914338,.06802135,.21545722,0,0,-.25,0,0,0,0,0,1,0,0
1995m11,1995,74.889702,72.250999,-.033209998,-.0027699999,5.5999999,5.5,-.032053571,0,5.75,5.75,1,1.875,0,5.518095,5.4790478,5.9304762,5.75,1,1,1,0,1,0,1,0,1,0,7,0,0,0,0,0,0,0,0,0,0,0,1,0,0,0,0,0,0,0,0,0,0,0,1,0,0,0,1,0,1,0,1,1,1,0,3,0,.25948,.068039998,-.099999905,-.099999905,-.0027665689,.25914338,.06802135,0,0,0,-.25,0,0,0,0,1,0,0
1995m12,1995,75.175499,72.389999,2.3332,.19238,5.5999999,5.5999999,.00043956062,-.25,5.75,5.5,1,2.3846154,0,5.2940001,5.3245001,5.7115002,5.6451612,1,1,1,0,1,0,1,0,1,0,6,0,0,0,0,0,0,0,0,0,0,0,0,1,0,0,0,0,0,0,0,0,0,0,0,1,0,0,1,0,1,0,1,1,1,-.25,2,0,-.0027699999,.25948,.099999905,-.099999905,.19219998,-.0027665689,.25914338,0,0,0,0,-.25,0,0,1,0,0,0
1996m1,1996,74.684097,72.551003,2.7017701,.22240999,5.5999999,5.5999999,.52499998,-.25,5.5,5.25,1,31,0,5.150476,5.112381,5.6523809,5.4919353,1,1,1,0,0,1,1,1,0,0,6,0,1,0,0,0,0,0,0,0,0,0,0,0,1,0,0,0,0,0,0,0,0,0,0,0,-.25,-.25,0,1,1,1,0,1,1,-.25,2,0,.19238,-.0027699999,0,.099999905,.22216375,.19219998,-.0027665689,-.25,0,0,0,0,-.25,0,1,0,0,0
1996m2,1996,75.834396,72.665001,1.90195,.15713,5.5,5.5999999,.02,0,5.25,5.25,0,0,0,4.9645,5.0254998,5.8055,5.25,0,0,0,0,0,0,0,0,0,0,7,0,0,1,0,0,0,0,0,0,0,0,0,0,0,0,0,0,0,0,0,0,0,0,0,0,-.25,0,0,0,0,0,0,1,1,0,3,0,.22240999,.19238,0,0,.15700534,.22216375,.19219998,-.25,-.25,0,0,0,0,0,0,1,0,0
1996m3,1996,75.7631,72.884003,3.67715,.30138001,5.5,5.5,.27298313,0,5.25,5.25,1,5.1666665,0,5.0976191,5.6609526,6.2685714,5.25,1,1,1,0,1,0,1,0,1,0,7,0,0,0,1,0,0,0,0,0,0,0,0,0,0,0,1,0,0,0,0,0,0,0,0,0,0,0,1,0,1,0,1,1,1,0,3,0,.15713,.22240999,-.099999905,0,.30093223,.15700534,.22216375,0,-.25,-.25,0,0,0,0,0,1,0,0
1996m4,1996,76.4562,73.102997,3.66592,.30048001,5.5999999,5.5,.029999999,0,5.25,5.25,0,0,0,5.0877271,5.9572725,6.5113635,5.25,0,0,0,0,0,0,0,0,0,0,7,0,0,0,0,1,0,0,0,0,0,0,0,0,0,0,0,0,0,0,0,0,0,0,0,0,0,0,0,0,0,0,0,1,1,0,3,0,.30138001,.15713,0,-.099999905,.30001891,.30093223,.15700534,0,0,-.25,-.25,0,0,0,0,1,0,0
1996m5,1996,77.016098,73.228996,2.0880301,.17236,5.5999999,5.5999999,.017467523,0,5.25,5.25,1,2.8181818,0,5.1536365,6.0949998,6.7368183,5.25,0,1,1,0,0,0,1,0,1,0,7,0,0,0,0,0,1,0,0,0,0,0,0,0,0,0,0,0,1,0,0,0,0,0,0,0,0,0,0,0,1,0,1,1,1,0,3,0,.30048001,.30138001,.099999905,0,.17221044,.30001891,.30093223,0,0,0,-.25,-.25,0,0,0,1,0,0
1996m6,1996,77.666901,73.227997,-.01639,-.00137,5.3000002,5.5999999,.050000001,0,5.25,5.25,0,0,0,5.2315001,6.2969999,6.9120002,5.25,0,0,0,0,0,0,0,0,0,0,7,0,0,0,0,0,0,1,0,0,0,0,0,0,0,0,0,0,0,0,0,0,0,0,0,0,0,0,0,0,0,0,0,1,1,0,3,0,.17236,.30048001,0,.099999905,-.0013648384,.17221044,.30001891,0,0,0,0,-.25,0,0,0,1,0,0
1996m7,1996,77.5662,73.383003,2.5697899,.21167,5.5,5.3000002,.059753694,0,5.25,5.25,1,1.0689656,0,5.298182,6.27,6.8654547,5.25,0,1,1,0,0,0,1,1,0,0,7,0,0,0,0,0,0,0,1,0,0,0,0,0,0,0,0,0,0,0,1,0,0,0,0,0,0,0,0,0,1,1,0,1,1,0,3,0,-.00137,.17236,-.29999971,0,.21145271,-.0013648384,.17221044,0,0,0,0,0,0,0,0,1,0,0
1996m8,1996,78.015999,73.453003,1.1507,.095389999,5.0999999,5.5,.065773807,0,5.25,5.25,1,2.5833333,0,5.1890907,6.0290909,6.6354547,5.25,0,1,1,0,0,0,1,1,0,0,7,0,0,0,0,0,0,0,0,1,0,0,0,0,0,0,0,0,0,0,0,1,0,0,0,0,0,0,0,0,1,1,0,1,1,0,3,0,.21167,-.00137,.19999981,-.29999971,.095344052,.21145271,-.0013648384,0,0,0,0,0,0,0,0,1,0,0
1996m9,1996,78.5532,73.660004,3.43467,.28180999,5.1999998,5.0999999,.19857456,0,5.25,5.25,1,4.2857141,0,5.2375002,6.2340002,6.8319998,5.25,0,1,1,0,0,0,1,0,1,0,7,0,0,0,0,0,0,0,0,0,1,0,0,0,0,0,0,0,0,0,0,0,1,0,0,0,0,0,0,0,1,0,1,1,1,0,3,0,.095389999,.21167,-.4000001,.19999981,.28141749,.095344052,.21145271,0,0,0,0,0,0,0,0,1,0,0
1996m10,1996,78.5065,73.883003,3.69401,.30274001,5.1999998,5.1999998,.029999999,0,5.25,5.25,0,0,0,5.1231818,5.9127274,6.5336366,5.25,0,0,0,0,0,0,0,0,0,0,7,0,0,0,0,0,0,0,0,0,0,1,0,0,0,0,0,0,0,0,0,0,0,0,0,0,0,0,0,0,0,0,0,1,1,0,3,0,.28180999,.095389999,.099999905,-.4000001,.30228439,.28141749,.095344052,0,0,0,0,0,0,0,0,1,0,0
1996m11,1996,79.1996,74.014999,2.1651199,.17866001,5.4000001,5.1999998,.066031747,0,5.25,5.25,1,1.6666666,0,5.1694736,5.7015791,6.2036843,5.25,1,1,1,0,1,0,1,0,1,0,7,0,0,0,0,0,0,0,0,0,0,0,1,0,0,0,0,0,0,0,0,0,0,0,1,0,0,0,1,0,1,0,1,1,1,0,3,0,.30274001,.28180999,0,.099999905,.17849624,.30228439,.28141749,0,0,0,0,0,0,0,0,1,0,0
1996m12,1996,79.714302,74.099998,1.38684,.11484,5.4000001,5.4000001,.12814286,0,5.25,5.25,1,2.0666666,0,5.0404763,5.7819047,6.302381,5.25,1,1,1,0,1,0,1,0,1,0,7,0,0,0,0,0,0,0,0,0,0,0,0,1,0,0,0,0,0,0,0,0,0,0,0,1,0,0,1,0,1,0,1,1,1,0,3,0,.17866001,.30274001,.20000029,0,.11477446,.17849624,.30228439,0,0,0,0,0,0,0,0,1,0,0
1997m1,1997,79.827301,74.195999,1.56578,.12955,5.3000002,5.4000001,.11,0,5.25,5.25,0,0,0,5.1657143,6.0080953,6.5790477,5.25,0,0,0,0,0,0,0,0,0,0,7,0,1,0,0,0,0,0,0,0,0,0,0,0,0,0,0,0,0,0,0,0,0,0,0,0,0,0,0,0,0,0,0,1,1,0,3,0,.11484,.17866001,0,.20000029,.12947172,.11477446,.17849624,0,0,0,0,0,0,0,0,1,0,0
1997m2,1997,80.792999,74.351997,2.5524299,.21025001,5.1999998,5.3000002,.036249999,0,5.25,5.25,1,1.1666666,0,5.1421051,5.8984213,6.4194736,5.25,0,1,1,0,0,0,1,0,1,0,7,0,0,1,0,0,0,0,0,0,0,0,0,0,0,1,0,0,0,0,0,0,0,0,0,0,0,0,0,0,1,0,1,1,1,0,3,0,.12955,.11484,-.099999905,0,.21003082,.12947172,.11477446,0,0,0,0,0,0,0,0,1,0,0
1997m3,1997,81.334,74.43,1.26617,.10491,5.1999998,5.1999998,.27225471,.25,5.25,5.5,1,4.4285712,0,5.2845001,6.2220001,6.6945,5.3064518,0,1,1,0,0,0,1,0,1,0,9,0,0,0,1,0,0,0,0,0,0,0,0,0,0,0,1,0,0,0,0,0,0,0,0,0,0,0,0,0,1,0,1,1,1,.25,5,0,.21025001,.12955,-.10000038,-.099999905,.10485534,.21003082,.12947172,0,0,0,0,0,0,0,0,0,1,0
1997m4,1997,81.353104,74.502998,1.18331,.098080002,5.0999999,5.1999998,0,0,5.5,5.5,0,0,0,5.3045454,6.4481816,6.8854547,5.5,0,0,0,0,0,0,0,0,0,0,7,0,0,0,0,1,0,0,0,0,0,0,0,0,0,0,0,0,0,0,0,0,0,0,0,0,.25,0,0,0,0,0,0,1,1,0,3,0,.10491,.21025001,0,-.10000038,.098028041,.10485534,.21003082,.25,0,0,0,0,0,0,0,1,0,0
1997m5,1997,81.8293,74.469002,-.54626,-.045639999,4.9000001,5.0999999,.11446429,0,5.5,5.5,1,2.5833333,0,5.1966667,6.2766666,6.7109523,5.5,0,1,1,0,0,0,1,0,1,0,7,0,0,0,0,0,1,0,0,0,0,0,0,0,0,0,0,0,1,0,0,0,0,0,0,0,0,0,0,0,1,0,1,1,1,0,3,0,.098080002,.10491,-.099999905,0,-.045641575,.098028041,.10485534,0,.25,0,0,0,0,0,0,1,0,0
1997m6,1997,82.2285,74.565002,1.55797,.12891001,5,4.9000001,.029999999,0,5.5,5.5,0,0,0,5.0709524,6.0947618,6.4938097,5.5,0,0,0,0,0,0,0,0,0,0,7,0,0,0,0,0,0,1,0,0,0,0,0,0,0,0,0,0,0,0,0,0,0,0,0,0,0,0,0,0,0,0,0,1,1,0,3,0,-.045639999,.098080002,-.19999981,-.099999905,.12883058,-.045641575,.098028041,0,0,.25,0,0,0,0,0,1,0,0
1997m7,1997,82.855698,74.609001,.71041,.059009999,4.9000001,5,.016428571,0,5.5,5.5,1,1.0333333,0,5.1945453,5.8909092,6.2204547,5.5,0,1,1,0,0,0,1,1,0,0,7,0,0,0,0,0,0,0,1,0,0,0,0,0,0,0,0,0,0,0,1,0,0,0,0,0,0,0,0,0,1,1,0,1,1,0,3,0,.12891001,-.045639999,.099999905,-.19999981,.058989797,.12883058,-.045641575,0,0,0,.25,0,0,0,0,1,0,0
1997m8,1997,83.721397,74.668999,.96930999,.080420002,4.8000002,4.9000001,.0022527471,0,5.5,5.5,1,2.3846154,0,5.2795238,5.9390478,6.2985716,5.5,0,1,1,0,0,0,1,1,0,0,7,0,0,0,0,0,0,0,0,1,0,0,0,0,0,0,0,0,0,0,0,1,0,0,0,0,0,0,0,0,1,1,0,1,1,0,3,0,.059009999,.12891001,-.099999905,.099999905,.080383666,.058989797,.12883058,0,0,0,0,.25,0,0,0,1,0,0
1997m9,1997,84.465103,74.848999,2.9314301,.24106,4.9000001,4.8000002,.88999999,0,5.5,5.5,1,30,0,5.0847621,5.8819046,6.2085714,5.5,0,1,1,0,0,0,1,1,0,0,7,0,0,0,0,0,0,0,0,0,1,0,0,0,0,0,0,0,0,0,0,0,1,0,0,0,0,0,0,0,1,1,0,1,1,0,3,0,.080420002,.059009999,-.099999905,-.099999905,.24077421,.080383666,.058989797,0,0,0,0,0,0,0,0,1,0,0
1997m10,1997,85.191803,74.945999,1.56626,.12959,4.6999998,4.9000001,.029999999,0,5.5,5.5,0,0,0,5.1127272,5.7718182,6.0295453,5.5,0,0,0,0,0,0,0,0,0,0,7,0,0,0,0,0,0,0,0,0,0,1,0,0,0,0,0,0,0,0,0,0,0,0,0,0,0,0,0,0,0,0,0,1,1,0,3,0,.24106,.080420002,.099999905,-.099999905,.12951051,.24077421,.080383666,0,0,0,0,0,0,0,0,1,0,0
1997m11,1997,85.939697,74.949997,.064060003,.0053400001,4.5999999,4.6999998,.079999998,0,5.5,5.5,1,1.5789474,0,5.2811112,5.7127776,5.875,5.5,0,1,1,0,0,0,1,1,0,0,7,0,0,0,0,0,0,0,0,0,0,0,1,0,0,0,0,0,0,0,0,0,0,0,1,0,0,0,0,0,1,1,0,1,1,0,3,0,.12959,.24106,-.20000029,.099999905,.0053341021,.12951051,.24077421,0,0,0,0,0,0,0,0,1,0,0
1997m12,1997,86.204697,74.933998,-.25587001,-.02135,4.6999998,4.5999999,.13553572,0,5.5,5.5,1,1.9375,0,5.3045454,5.7150002,5.8086362,5.5,1,1,1,0,0,1,1,1,0,0,7,0,0,0,0,0,0,0,0,0,0,0,0,1,0,0,0,0,0,0,0,0,0,0,0,1,0,0,0,1,1,1,0,1,1,0,3,0,.0053400001,.12959,-.099999905,-.20000029,-.021348298,.0053341021,.12951051,0,0,0,0,0,0,0,0,1,0,0
1998m1,1998,86.6474,74.971001,.59412998,.049380001,4.5999999,4.6999998,.059999999,0,5.5,5.5,0,0,0,5.1789999,5.3569999,5.5444999,5.5,0,0,0,0,0,0,0,0,0,0,7,0,1,0,0,0,0,0,0,0,0,0,0,0,0,0,0,0,0,0,0,0,0,0,0,0,0,0,0,0,0,0,0,1,1,0,3,0,-.02135,.0053400001,.099999905,-.099999905,.04936802,-.021348298,.0053341021,0,0,0,0,0,0,0,0,1,0,0
1998m2,1998,86.7612,74.931999,-.62246001,-.052019998,4.5999999,4.5999999,-.033885714,0,5.5,5.5,1,1.12,0,5.23,5.4178948,5.5747371,5.5,1,1,0,0,0,1,1,0,0,0,7,0,0,1,0,0,0,0,0,0,0,0,0,0,0,1,0,0,0,0,0,0,0,0,0,0,0,0,0,1,1,0,0,1,1,0,3,0,.049380001,-.02135,-.099999905,.099999905,-.052035604,.04936802,-.021348298,0,0,0,0,0,0,0,0,1,0,0
1998m3,1998,86.819801,74.944,.19234,.016009999,4.6999998,4.5999999,.88999999,0,5.5,5.5,1,31,0,5.161818,5.5613637,5.6472726,5.5,1,1,1,0,0,1,1,1,0,0,7,0,0,0,1,0,0,0,0,0,0,0,0,0,0,0,1,0,0,0,0,0,0,0,0,0,0,0,0,1,1,1,0,1,1,0,3,0,-.052019998,.049380001,0,-.099999905,.016014623,-.052035604,.04936802,0,0,0,0,0,0,0,0,1,0,0
1998m4,1998,87.141098,75.037003,1.49932,.12409,4.3000002,4.6999998,.02,0,5.5,5.5,0,0,0,5.0828571,5.5642858,5.637619,5.5,0,0,0,0,0,0,0,0,0,0,7,0,0,0,0,1,0,0,0,0,0,0,0,0,0,0,0,0,0,0,0,0,0,0,0,0,0,0,0,0,0,0,0,1,1,0,3,0,.016009999,-.052019998,.099999905,0,.12401882,.016014623,-.052035604,0,0,0,0,0,0,0,0,1,0,0
1998m5,1998,87.695198,75.139999,1.65968,.13727,4.4000001,4.3000002,.03010989,0,5.5,5.5,1,2.3846154,0,5.1399999,5.5935001,5.6525002,5.5,0,1,1,0,0,0,1,1,0,0,7,0,0,0,0,0,1,0,0,0,0,0,0,0,0,0,0,0,1,0,0,0,0,0,0,0,0,0,0,0,1,1,0,1,1,0,3,0,.12409,.016009999,-.39999962,.099999905,.13716726,.12401882,.016014623,0,0,0,0,0,0,0,0,1,0,0
1998m6,1998,87.144997,75.075996,-1.01732,-.085170001,4.5,4.4000001,.0099999998,0,5.5,5.5,0,0,0,5.1240907,5.52,5.4963636,5.5,0,0,0,0,0,0,0,0,0,0,7,0,0,0,0,0,0,1,0,0,0,0,0,0,0,0,0,0,0,0,0,0,0,0,0,0,0,0,0,0,0,0,0,1,1,0,3,0,.13727,.12409,.099999905,-.39999962,-.085214622,.13716726,.12401882,0,0,0,0,0,0,0,0,1,0,0
1998m7,1998,86.8423,75.262001,3.0138299,.24775,4.5,4.5,.02,0,5.5,5.5,1,1,0,5.0945454,5.4581819,5.4613638,5.5,0,1,1,0,0,0,1,1,0,0,7,0,0,0,0,0,0,0,1,0,0,0,0,0,0,0,0,0,0,0,1,0,0,0,0,0,0,0,0,0,1,1,0,1,1,0,3,0,-.085170001,.13727,.099999905,.099999905,.24744873,-.085214622,.13716726,0,0,0,0,0,0,0,0,1,0,0
1998m8,1998,88.624702,75.365997,1.6708699,.13818,4.5,4.5,-.019183671,0,5.5,5.5,1,2.2142856,0,5.0409522,5.2685714,5.3419046,5.5,1,1,1,0,0,1,1,1,0,0,7,0,0,0,0,0,0,0,0,1,0,0,0,0,0,0,0,0,0,0,0,1,0,0,0,0,0,0,0,1,1,1,0,1,1,0,3,0,.24775,-.085170001,0,.099999905,.13808362,.24744873,-.085214622,0,0,0,0,0,0,0,0,1,0,0
1998m9,1998,88.4515,75.321999,-.69834,-.05838,4.5999999,4.5,.032499999,-.25,5.5,5.25,1,15,0,4.7390475,4.6661906,4.8066669,5.4833331,1,1,0,0,0,1,1,0,0,0,6,0,0,0,0,0,0,0,0,0,1,0,0,0,0,0,0,0,0,0,0,0,1,0,0,0,0,0,0,1,1,0,0,1,1,-.25,2,0,.13818,.24775,0,0,-.058397114,.13808362,.24744873,0,0,0,0,0,0,0,1,0,0,0
1998m10,1998,89.167702,75.487,2.66062,.21906,4.5,4.5999999,-.0099999998,-.25,5.25,5,0,0,0,4.0704761,4.0919046,4.5300002,5.1129031,0,0,0,0,0,0,0,0,0,0,6,0,0,0,0,0,0,0,0,0,0,1,0,0,0,0,0,0,0,0,0,0,0,0,0,0,-.25,0,0,0,0,0,0,1,1,-.25,2,0,-.05838,.13818,.099999905,0,.21882114,-.058397114,.13808362,-.25,0,0,0,0,0,0,1,0,0,0
1998m11,1998,89.109802,75.490997,.063610002,.0052999998,4.4000001,4.5,-.14306122,-.25,5,4.75,1,2.1428571,0,4.5310526,4.54,4.8273683,4.8833332,1,1,0,0,0,1,1,0,0,0,6,0,0,0,0,0,0,0,0,0,0,0,1,0,0,0,0,0,0,0,0,0,0,0,1,0,-.25,-.25,0,1,1,0,0,1,1,-.25,2,0,.21906,-.05838,-.099999905,.099999905,.0052958746,.21882114,-.058397114,-.25,-.25,0,0,0,-.25,0,1,0,0,0
1998m12,1998,89.440697,75.567001,1.2148,.10067,4.4000001,4.4000001,.14628568,0,4.75,4.75,1,3.0999999,0,4.4968181,4.5063639,4.645,4.75,1,1,1,0,0,1,1,1,0,0,7,0,0,0,0,0,0,0,0,0,0,0,0,1,0,0,0,0,0,0,0,0,0,0,0,1,-.25,-.25,0,1,1,1,0,1,1,0,3,0,.0052999998,.21906,-.099999905,-.099999905,.10062894,.0052958746,.21882114,-.25,-.25,-.25,0,0,-.25,0,0,1,0,0
1999m1,1999,89.859398,75.705002,2.2135799,.18262,4.3000002,4.4000001,.039999999,0,4.75,4.75,0,0,0,4.4463158,4.615263,4.722105,4.75,0,0,0,0,0,0,0,0,0,0,7,0,1,0,0,0,0,0,0,0,0,0,0,0,0,0,0,0,0,0,0,0,0,0,0,0,0,0,0,0,0,0,0,1,1,0,3,0,.10067,.0052999998,0,-.099999905,.1824535,.10062894,.0052958746,0,-.25,-.25,-.25,0,0,0,0,1,0,0
1999m2,1999,90.3386,75.686996,-.28494999,-.023779999,4.4000001,4.3000002,-.020714285,0,4.75,4.75,1,1.0769231,0,4.555263,4.8763156,4.9989471,4.75,1,1,1,0,0,1,1,1,0,0,7,0,0,1,0,0,0,0,0,0,0,0,0,0,0,1,0,0,0,0,0,0,0,0,0,0,0,0,0,1,1,1,0,1,1,0,3,0,.18262,.10067,-.099999905,0,-.023786424,.1824535,.10062894,0,0,-.25,-.25,-.25,0,0,0,1,0,0
1999m3,1999,90.481903,75.746002,.93945003,.077950001,4.1999998,4.4000001,.199,0,4.75,4.75,1,15.5,0,4.5665216,5.0530434,5.2326088,4.75,0,1,1,0,0,0,1,1,0,0,7,0,0,0,1,0,0,0,0,0,0,0,0,0,0,0,1,0,0,0,0,0,0,0,0,0,0,0,0,0,1,1,0,1,1,0,3,0,-.023779999,.18262,.099999905,-.099999905,.077929832,-.023786424,.1824535,0,0,0,-.25,-.25,0,0,0,1,0,0
1999m4,1999,90.727402,76.096001,5.6879601,.46206999,4.3000002,4.1999998,.02,0,4.75,4.75,0,0,0,4.409091,4.9768181,5.1845455,4.75,0,0,0,0,0,0,0,0,0,0,7,0,0,0,0,1,0,0,0,0,0,0,0,0,0,0,0,0,0,0,0,0,0,0,0,0,0,0,0,0,0,0,0,1,1,0,3,0,.077950001,-.023779999,-.20000029,.099999905,.46100432,.077929832,-.023786424,0,0,0,0,-.25,0,0,0,1,0,0
1999m5,1999,91.351997,76.134003,.60088998,.049940001,4.1999998,4.3000002,.039540816,0,4.75,4.75,1,2.2142856,0,4.631,5.2544999,5.5395002,4.75,0,1,1,0,0,0,1,1,0,0,7,0,0,0,0,0,1,0,0,0,0,0,0,0,0,0,0,0,1,0,0,0,0,0,0,0,0,0,0,0,1,1,0,1,1,0,3,0,.46206999,.077950001,.10000038,-.20000029,.049927104,.46100432,.077929832,0,0,0,0,0,0,0,0,1,0,0
1999m6,1999,91.199402,76.150002,.25248,.021020001,4.3000002,4.1999998,.82999998,.25,4.75,5,1,30,0,4.7154546,5.6186361,5.8995457,4.7583332,0,1,1,0,0,0,1,1,0,0,9,0,0,0,0,0,0,1,0,0,0,0,0,0,0,0,0,0,0,1,0,0,0,0,0,0,0,0,0,0,1,1,0,1,1,.25,5,0,.049940001,.46206999,-.10000038,.10000038,.021011846,.049927104,.46100432,0,0,0,0,0,0,0,0,0,1,0
1999m7,1999,91.776604,76.351997,3.2300501,.26526999,4.3000002,4.3000002,.02,0,5,5,0,0,0,4.6857142,5.5547619,5.7919049,5,0,0,0,0,0,0,0,0,0,0,7,0,0,0,0,0,0,0,1,0,0,0,0,0,0,0,0,0,0,0,0,0,0,0,0,0,.25,0,0,0,0,0,0,1,1,0,3,0,.021020001,.049940001,.10000038,-.10000038,.26490927,.021011846,.049927104,.25,0,0,0,0,0,0,0,1,0,0
1999m8,1999,92.162903,76.486,2.1264801,.17550001,4.1999998,4.3000002,.22928642,.25,5,5.25,1,3.875,0,4.8736362,5.6781816,5.9390907,5.0645161,0,1,1,0,0,0,1,1,0,0,9,0,0,0,0,0,0,0,0,1,0,0,0,0,0,0,0,0,0,0,0,1,0,0,0,0,0,0,0,0,1,1,0,1,1,.25,5,0,.26526999,.021020001,0,.10000038,.17535262,.26490927,.021011846,0,.25,0,0,0,0,0,0,0,1,0
1999m9,1999,91.774002,76.753998,4.2866802,.35038999,4.1999998,4.1999998,.029999999,0,5.25,5.25,0,0,0,4.822381,5.6619048,5.9152379,5.25,0,0,0,0,0,0,0,0,0,0,7,0,0,0,0,0,0,0,0,0,1,0,0,0,0,0,0,0,0,0,0,0,0,0,0,0,.25,0,0,0,0,0,0,1,1,0,3,0,.17550001,.26526999,-.10000038,0,.34977555,.17535262,.26490927,.25,0,.25,0,0,0,0,0,1,0,0
1999m10,1999,92.997902,76.875999,1.92416,.15895,4.0999999,4.1999998,.051613756,0,5.25,5.25,1,1.1481482,0,5.0235,5.8625002,6.112,5.25,0,1,1,0,0,0,1,1,0,0,7,0,0,0,0,0,0,0,0,0,0,1,0,0,0,0,0,0,0,0,0,0,0,1,0,0,0,0,0,0,1,1,0,1,1,0,3,0,.35038999,.17550001,0,-.10000038,.15882532,.34977555,.17535262,0,.25,0,.25,0,0,0,0,1,0,0
1999m11,1999,93.437103,76.943001,1.0508699,.08715,4.0999999,4.0999999,.13285714,.25,5.25,5.5,1,2,0,5.2275,5.862,6.0339999,5.375,0,1,1,0,0,0,1,1,0,0,9,0,0,0,0,0,0,0,0,0,0,0,1,0,0,0,0,0,0,0,0,0,0,0,1,0,0,0,0,0,1,1,0,1,1,.25,5,0,.15895,.35038999,-.099999905,0,.087117128,.15882532,.34977555,0,0,.25,0,.25,0,0,0,0,1,0
1999m12,1999,94.159302,77.127998,2.9237101,.24044,4,4.0999999,-.11655843,0,5.5,5.5,1,2.8181818,0,5.3568182,6.1045456,6.2754545,5.5,0,1,1,0,0,0,1,1,0,0,7,0,0,0,0,0,0,0,0,0,0,0,0,1,0,0,0,0,0,0,0,0,0,0,0,1,.25,.25,0,0,1,1,0,1,1,0,3,0,.08715,.15895,0,-.099999905,.24014597,.087117128,.15882532,.25,0,0,.25,0,.25,0,0,1,0,0
2000m1,2000,94.175797,77.348,3.4770899,.28523999,4,4,.28999999,0,5.5,5.5,0,0,0,5.4990001,6.4400001,6.6609998,5.5,0,0,0,0,0,0,0,0,0,0,7,0,1,0,0,0,0,0,0,0,0,0,0,0,0,0,0,0,0,0,0,0,0,0,0,0,0,0,0,0,0,0,0,1,1,0,3,1,.24044,.08715,-.099999905,0,.28483567,.24014597,.087117128,0,.25,0,0,.25,0,0,0,1,0,0
2000m2,2000,94.455704,77.597,3.9322,.32192001,4.0999999,4,.30627552,.25,5.5,5.75,1,1.0357143,0,5.7270002,6.6104999,6.5194998,5.7413793,0,1,1,0,0,0,1,1,0,0,9,0,0,1,0,0,0,0,0,0,0,0,0,0,0,1,0,0,0,0,0,0,0,0,0,0,0,0,0,0,1,1,0,1,1,.25,5,0,.28523999,.24044,0,-.099999905,.32140535,.28483567,.24014597,0,0,.25,0,0,0,0,0,0,1,0
2000m3,2000,94.797997,77.928001,5.2405701,.42656001,4,4.0999999,.26590911,.25,5.75,6,1,2.8181818,0,5.8639131,6.5282607,6.2565217,5.8387098,0,1,1,0,0,0,1,1,0,0,9,0,0,0,1,0,0,0,0,0,0,0,0,0,0,0,1,0,0,0,0,0,0,0,0,0,.25,.25,0,0,1,1,0,1,1,.25,5,0,.32192001,.28523999,.099999905,0,.42565733,.32140535,.28483567,.25,0,0,.25,0,.25,0,0,0,1,0
2000m4,2000,95.480797,77.850998,-1.1792901,-.098810002,3.8,4,.02,0,6,6,0,0,0,5.821579,6.4036841,5.9905262,6,0,0,0,0,0,0,0,0,0,0,7,0,0,0,0,1,0,0,0,0,0,0,0,0,0,0,0,0,0,0,0,0,0,0,0,0,.25,0,0,0,0,0,0,1,1,0,3,0,.42656001,.32192001,-.099999905,.099999905,-.098862469,.42565733,.32140535,.25,.25,0,0,.25,0,0,0,1,0,0
2000m5,2000,95.643501,77.905998,.85108,.070649996,4,3.8,.39026785,.5,6,6.5,1,1.9375,0,5.9945455,6.8095455,6.4404545,6.2580647,0,0,1,0,0,0,0,1,0,0,11,0,0,0,0,0,1,0,0,0,0,0,0,0,0,0,0,0,1,0,0,0,0,0,0,0,0,0,0,0,0,1,0,1,1,.5,7,0,-.098810002,.42656001,-.20000005,-.099999905,.070623226,-.098862469,.42565733,0,.25,.25,0,0,0,0,0,0,0,1
2000m6,2000,95.735298,78.161003,3.9993,.32732001,4,4,.065533333,0,6.5,6.5,1,10,0,5.8618183,6.4818182,6.0972729,6.5,0,1,1,0,0,0,1,1,0,0,7,0,0,0,0,0,0,1,0,0,0,0,0,0,0,0,0,0,0,1,0,0,0,0,0,0,.5,.5,0,0,1,1,0,1,1,0,3,0,.070649996,-.098810002,.20000005,-.20000005,.32678926,.070623226,-.098862469,.5,0,.25,.25,0,.5,0,0,1,0,0
2000m7,2000,95.590599,78.348999,2.92484,.24053,4,4,.039999999,0,6.5,6.5,0,0,0,6.1424999,6.3390002,6.0539999,6.5,0,0,0,0,0,0,0,0,0,0,7,0,0,0,0,0,0,0,1,0,0,0,0,0,0,0,0,0,0,0,0,0,0,0,0,0,0,0,0,0,0,0,0,1,1,0,3,0,.32732001,.070649996,0,.20000005,.24023512,.32678926,.070623226,0,.5,0,.25,.25,0,0,0,1,0,0
2000m8,2000,95.311203,78.339996,-.13776,-.01149,4.0999999,4,.029357126,0,6.5,6.5,1,3.0999999,0,6.2773914,6.2286959,5.826087,6.5,0,1,1,0,0,0,1,1,0,0,7,0,0,0,0,0,0,0,0,1,0,0,0,0,0,0,0,0,0,0,0,1,0,0,0,0,0,0,0,0,1,1,0,1,1,0,3,0,.24053,.32732001,0,0,-.011491152,.24023512,.32678926,0,0,.5,0,.25,0,0,0,1,0,0
2000m9,2000,95.679001,78.676003,5.2699599,.4289,3.9000001,4.0999999,.025,0,6.5,6.5,0,0,0,6.1750002,6.0815001,5.7989998,6.5,0,0,0,0,0,0,0,0,0,0,7,0,0,0,0,0,0,0,0,0,1,0,0,0,0,0,0,0,0,0,0,0,0,0,0,0,0,0,0,0,0,0,0,1,1,0,3,0,-.01149,.24053,.099999905,0,.42799038,-.011491152,.24023512,0,0,0,.5,0,0,0,0,1,0,0
2000m10,2000,95.397003,78.787003,1.70622,.14108001,3.9000001,3.9000001,-.017660098,0,6.5,6.5,1,1.0689656,0,6.2947621,5.9123812,5.7385716,6.5,0,1,1,0,0,0,1,1,0,0,7,0,0,0,0,0,0,0,0,0,0,1,0,0,0,0,0,0,0,0,0,0,0,1,0,0,0,0,0,0,1,1,0,1,1,0,3,0,.4289,-.01149,-.19999981,.099999905,.14098559,.42799038,-.011491152,0,0,0,0,.5,0,0,0,1,0,0
2000m11,2000,95.422897,78.888,1.54922,.12819,3.9000001,3.9000001,.021339286,0,6.5,6.5,1,1.875,0,6.3561907,5.8752379,5.7171431,6.5,1,1,1,0,0,1,1,1,0,0,7,0,0,0,0,0,0,0,0,0,0,0,1,0,0,0,0,0,0,0,0,0,0,0,1,0,0,0,0,1,1,1,0,1,1,0,3,0,.14108001,.4289,0,-.19999981,.12810901,.14098559,.42799038,0,0,0,0,0,0,0,0,1,0,0
2000m12,2000,95.157303,78.990997,1.5780801,.13056,3.9000001,3.9000001,-.12769231,0,6.5,6.5,1,2.3846154,0,5.9369998,5.3520002,5.2405,6.5,1,1,1,0,0,1,1,1,0,0,7,0,0,0,0,0,0,0,0,0,0,0,0,1,0,0,0,0,0,0,0,0,0,0,0,1,0,0,0,1,1,1,0,1,1,0,3,0,.12819,.14108001,0,0,.13047567,.12810901,.14098559,0,0,0,0,0,0,0,0,1,0,0
2001m1,2001,94.5448,79.348,5.5602698,.45195001,4.1999998,3.9000001,.87,-1,6.5,5.5,1,31,0,5.2852383,4.7600002,5.1609526,6.016129,1,1,0,0,0,1,1,0,0,0,2,0,1,0,0,0,0,0,0,0,0,0,0,0,1,0,0,0,0,0,0,0,0,0,0,0,0,0,0,1,1,0,0,1,1,-.5,1,0,.13056,.12819,0,0,.45093486,.13047567,.12810901,0,0,0,0,0,0,1,0,0,0,0
2001m2,2001,93.939796,79.458,1.6763,.13863,4.1999998,4.1999998,-.045000002,0,5.5,5.5,0,0,0,5.0052633,4.6568422,5.0989475,5.5,0,0,0,0,0,0,0,0,0,0,7,0,0,1,0,0,0,0,0,0,0,0,0,0,0,0,0,0,0,0,0,0,0,0,0,0,-1,0,0,0,0,0,0,1,1,0,3,0,.45195001,.13056,.29999971,0,.13853461,.45093486,.13047567,-1,0,0,0,0,0,0,0,1,0,0
2001m3,2001,93.7201,79.461998,.060430001,.0050300001,4.3000002,4.1999998,-.53613096,-.5,5.5,5,1,2.5833333,0,4.5354548,4.3422728,4.8854547,5.3064518,1,0,0,1,1,1,0,0,0,0,4,0,0,0,1,0,0,0,0,0,0,0,0,0,0,0,1,0,0,0,0,0,0,0,0,0,0,0,1,1,0,0,0,1,1,-.5,1,0,.13863,.45195001,0,.29999971,.0050312141,.13853461,.45093486,0,-1,0,0,0,0,1,0,0,0,0
2001m4,2001,93.446899,79.605003,2.18103,.17996,4.4000001,4.3000002,-.090000004,-.5,5,4.5,0,0,0,3.9660001,4.2340002,5.1409998,4.7833333,0,0,0,0,0,0,0,0,0,0,4,0,0,0,0,1,0,0,0,0,0,0,0,0,0,0,0,0,0,0,0,0,0,0,0,0,-.5,0,0,0,0,0,0,1,1,-.5,1,0,.0050300001,.13863,.10000038,0,.17980525,.0050312141,.13853461,-.5,0,-1,0,0,0,1,0,0,0,0
2001m5,2001,92.875999,79.818001,3.2585299,.26756999,4.3000002,4.4000001,-.38735294,-.5,4.5,4,1,1.8235294,0,3.7031817,4.2600002,5.3913636,4.2258062,1,0,0,1,1,1,0,0,0,0,4,0,0,0,0,0,1,0,0,0,0,0,0,0,0,0,0,0,1,0,0,0,0,0,0,0,-.5,-.5,1,1,0,0,0,1,1,-.5,1,0,.17996,.0050300001,.099999905,.10000038,.26721057,.17980525,.0050312141,-.5,-.5,0,-1,0,-.5,1,0,0,0,0
2001m6,2001,92.320801,79.961998,2.1865399,.18041,4.5,4.3000002,-.14893749,-.25,4,3.75,1,7.5,0,3.565238,4.0799999,5.2842855,3.9666667,1,1,0,0,1,1,1,0,0,0,6,0,0,0,0,0,0,1,0,0,0,0,0,0,0,0,0,0,0,1,0,0,0,0,0,0,-.5,-.5,1,1,1,0,0,1,1,-.25,2,0,.26756999,.17996,-.099999905,.099999905,.18024437,.26721057,.17980525,-.5,-.5,-.5,0,-1,-.5,0,1,0,0,0
2001m7,2001,91.793297,79.934998,-.40443999,-.033769999,4.5999999,4.5,0,0,3.75,3.75,0,0,0,3.5933332,4.0385714,5.2361903,3.75,0,0,0,0,0,0,0,0,0,0,7,0,0,0,0,0,0,0,1,0,0,0,0,0,0,0,0,0,0,0,0,0,0,0,0,0,-.25,0,0,0,0,0,0,1,1,0,3,0,.18041,.26756999,.19999981,-.099999905,-.033772275,.18024437,.26721057,-.25,-.5,-.5,-.5,0,0,0,0,1,0,0
2001m8,2001,91.679497,79.929001,-.090039998,-.0075099999,4.9000001,4.5999999,-.25889614,-.25,3.75,3.5,1,2.8181818,0,3.4378262,3.7573912,4.9713044,3.6612904,1,1,0,0,1,1,1,0,0,0,6,0,0,0,0,0,0,0,0,1,0,0,0,0,0,0,0,0,0,0,0,1,0,0,0,0,0,0,1,1,1,0,0,1,1,-.25,2,0,-.033769999,.18041,.099999905,.19999981,-.0075022569,-.033772275,.18024437,0,-.25,-.5,-.5,-.5,0,0,1,0,0,0
2001m9,2001,91.328903,79.663002,-3.9212501,-.3328,5,4.9000001,-.0099999998,-.5,3.5,3,0,0,0,2.692353,3.1188235,4.7317648,3.2666667,0,0,0,0,0,0,0,0,0,0,4,1,0,0,0,0,0,0,0,0,1,0,0,0,0,0,0,0,0,0,0,0,0,0,0,0,-.25,0,0,0,0,0,0,1,1,-.5,1,0,-.0075099999,-.033769999,.30000019,.099999905,-.3333489,-.0075022569,-.033772275,-.25,0,-.25,-.5,-.5,0,1,0,0,0,0
2001m10,2001,90.931503,79.952003,4.4412599,.36278,5.3000002,5,-.45045239,-.5,3,2.5,1,1.0333333,0,2.1977272,2.725909,4.5668182,2.516129,1,0,0,0,0,1,0,0,0,0,4,0,0,0,0,0,0,0,0,0,0,1,0,0,0,0,0,0,0,0,0,0,0,1,0,0,-.5,-.5,0,1,0,0,0,1,1,-.5,1,0,-.3328,-.0075099999,.099999905,.30000019,.36212358,-.3333489,-.0075022569,-.5,-.25,0,-.25,-.5,-.5,1,0,0,0,0
2001m11,2001,90.486,79.903,-.73297,-.06129,5.5,5.3000002,-.39514285,-.5,2.5,2,1,1.2,0,1.9065,2.7825,4.6515002,2.0833333,1,1,0,0,1,1,1,0,0,0,4,0,0,0,0,0,0,0,0,0,0,0,1,0,0,0,0,0,0,0,0,0,0,0,1,0,-.5,-.5,1,1,1,0,0,1,1,-.5,1,0,.36278,-.3328,.30000019,.099999905,-.061310064,.36212358,-.3333489,-.5,-.5,-.25,0,-.25,-.5,1,0,0,0,0
2001m12,2001,90.507301,79.819,-1.2542599,-.10513,5.6999998,5.5,-.26295918,-.25,2,1.75,1,1.4761904,0,1.72,3.1070001,5.0875001,1.8306452,1,1,0,0,1,1,1,0,0,0,6,0,0,0,0,0,0,0,0,0,0,0,0,1,0,0,0,0,0,0,0,0,0,0,0,1,-.5,-.5,1,1,1,0,0,1,1,-.25,2,0,-.06129,.36278,.19999981,.30000019,-.1051823,-.061310064,.36212358,-.5,-.5,-.5,-.25,0,-.5,0,1,0,0,0
2002m1,2002,91.079399,79.878998,.90578002,.075170003,5.6999998,5.6999998,.065499999,0,1.75,1.75,1,15.5,0,1.6847619,3.0280952,5.0357141,1.75,1,1,0,0,0,1,1,0,0,0,7,0,1,0,0,0,0,0,0,0,0,0,0,0,1,0,0,0,0,0,0,0,0,0,0,0,-.25,-.25,0,1,1,0,0,1,1,0,3,0,-.10513,-.06129,.19999981,.19999981,.075138777,-.1051823,-.061310064,-.25,-.5,-.5,-.5,-.25,-.25,0,0,1,0,0
2002m2,2002,91.055298,80.011002,2.0011201,.16525,5.6999998,5.6999998,-.0049999999,0,1.75,1.75,0,0,0,1.7568421,3.0152631,4.9115791,1.75,0,0,0,0,0,0,0,0,0,0,7,0,0,1,0,0,0,0,0,0,0,0,0,0,0,0,0,0,0,0,0,0,0,0,0,0,0,0,0,0,0,0,0,1,1,0,3,0,.075170003,-.10513,0,.19999981,.16511829,.075138777,-.1051823,0,-.25,-.5,-.5,-.5,0,0,0,1,0,0
2002m3,2002,91.797997,80.233002,3.38083,.27746001,5.6999998,5.6999998,.079395607,0,1.75,1.75,1,2.3846154,0,1.825,3.5574999,5.2839999,1.75,1,1,1,0,0,1,1,1,0,0,7,0,0,0,1,0,0,0,0,0,0,0,0,0,0,0,1,0,0,0,0,0,0,0,0,0,0,0,0,1,1,1,0,1,1,0,3,0,.16525,.075170003,0,0,.27707779,.16511829,.075138777,0,0,-.25,-.5,-.5,0,0,0,1,0,0
2002m4,2002,92.177101,80.580002,5.3151302,.43248999,5.9000001,5.6999998,.0049999999,0,1.75,1.75,0,0,0,1.745,3.4227273,5.2109089,1.75,0,0,0,0,0,0,0,0,0,0,7,0,0,0,0,1,0,0,0,0,0,0,0,0,0,0,0,0,0,0,0,0,0,0,0,0,0,0,0,0,0,0,0,1,1,0,3,0,.27746001,.16525,0,0,.43155795,.27707779,.16511829,0,0,0,-.25,-.5,0,0,0,1,0,0
2002m5,2002,92.566803,80.637001,.85215998,.070739999,5.8000002,5.9000001,.0018,0,1.75,1.75,1,1.24,0,1.7604545,3.264091,5.1645455,1.75,0,1,1,0,0,0,1,1,0,0,7,0,0,0,0,0,1,0,0,0,0,0,0,0,0,0,0,0,1,0,0,0,0,0,0,0,0,0,0,0,1,1,0,1,1,0,3,0,.43248999,.27746001,.20000029,0,.070711166,.43155795,.27707779,0,0,0,0,-.25,0,0,0,1,0,0
2002m6,2002,93.447601,80.735001,1.4681799,.12153,5.8000002,5.8000002,.064000003,0,1.75,1.75,1,6,0,1.732,2.993,4.9264998,1.75,1,1,1,0,0,1,1,1,0,0,7,0,0,0,0,0,0,1,0,0,0,0,0,0,0,0,0,0,0,1,0,0,0,0,0,0,0,0,0,1,1,1,0,1,1,0,3,0,.070739999,.43248999,-.099999905,.20000029,.12145798,.070711166,.43155795,0,0,0,0,0,0,0,0,1,0,0
2002m7,2002,93.223701,80.897003,2.4346299,.20066001,5.8000002,5.8000002,-.0049999999,0,1.75,1.75,0,0,0,1.7136364,2.5568182,4.653182,1.75,0,0,0,0,0,0,0,0,0,0,7,0,0,0,0,0,0,0,1,0,0,0,0,0,0,0,0,0,0,0,0,0,0,0,0,0,0,0,0,0,0,0,0,1,1,0,3,0,.12153,.070739999,0,-.099999905,.20045859,.12145798,.070711166,0,0,0,0,0,0,0,0,1,0,0
2002m8,2002,93.235901,81.047997,2.26302,.18666001,5.6999998,5.8000002,-.056804512,0,1.75,1.75,1,1.6315789,0,1.6472727,2.1336365,4.2572727,1.75,1,1,0,0,0,1,1,0,0,0,7,0,0,0,0,0,0,0,0,1,0,0,0,0,0,0,0,0,0,0,0,1,0,0,0,0,0,0,0,1,1,0,0,1,1,0,3,0,.20066001,.12153,0,0,.1864749,.20045859,.12145798,0,0,0,0,0,0,0,0,1,0,0
2002m9,2002,93.365402,81.191002,2.1379299,.17644,5.6999998,5.6999998,-.026531059,0,1.75,1.75,1,4.2857141,0,1.659,2.0044999,3.8699999,1.75,1,1,0,0,1,1,1,0,0,0,7,0,0,0,0,0,0,0,0,0,1,0,0,0,0,0,0,0,0,0,0,0,1,0,0,0,0,0,1,1,1,0,0,1,1,0,3,0,.18666001,.20066001,-.10000038,0,.17628981,.1864749,.20045859,0,0,0,0,0,0,0,0,1,0,0
2002m10,2002,93.083397,81.342003,2.25475,.18598001,5.6999998,5.6999998,-.094999999,0,1.75,1.75,0,0,0,1.61,1.9118181,3.9409091,1.75,0,0,0,0,0,0,0,0,0,0,7,0,0,0,0,0,0,0,0,0,0,1,0,0,0,0,0,0,0,0,0,0,0,0,0,0,0,0,0,0,0,0,0,1,1,0,3,0,.17644,.18666001,0,-.10000038,.18580967,.17628981,.1864749,0,0,0,0,0,0,0,0,1,0,0
2002m11,2002,93.569298,81.422997,1.20152,.099579997,5.9000001,5.6999998,-.27291429,-.5,1.75,1.25,1,1.2,0,1.2547369,1.9231579,4.0484209,1.3333334,1,1,0,0,1,1,1,0,0,0,4,0,0,0,0,0,0,0,0,0,0,0,1,0,0,0,0,0,0,0,0,0,0,0,1,0,0,0,1,1,1,0,0,1,1,-.5,1,0,.18598001,.17644,0,0,.099522203,.18580967,.17628981,0,0,0,0,0,0,1,0,0,0,0
2002m12,2002,93.110298,81.494003,1.05142,.087200001,6,5.9000001,-.018961038,0,1.25,1.25,1,1.4090909,0,1.2109524,1.8361905,4.0323811,1.25,1,1,0,0,0,1,1,0,0,0,7,0,0,0,0,0,0,0,0,0,0,0,0,1,0,0,0,0,0,0,0,0,0,0,0,1,-.5,-.5,0,1,1,0,0,1,1,0,3,0,.099579997,.18598001,.20000029,0,.087169267,.099522203,.18580967,-.5,0,0,0,0,-.5,0,0,1,0,0
2003m1,2003,93.819801,81.716003,3.3183801,.27241001,5.8000002,6,.044266667,0,1.25,1.25,1,10.333333,0,1.1890476,1.7433333,4.0485716,1.25,1,1,0,0,0,1,1,0,0,0,7,0,1,0,0,0,0,0,0,0,0,0,0,0,1,0,0,0,0,0,0,0,0,0,0,0,0,0,0,1,1,0,0,1,1,0,3,0,.087200001,.099579997,.099999905,.20000029,.27204245,.087169267,.099522203,0,-.5,0,0,0,0,0,0,1,0,0
2003m2,2003,93.953201,82.039001,4.8477502,.39526999,5.9000001,5.8000002,-.02,0,1.25,1.25,0,0,0,1.1852632,1.6278948,3.9026315,1.25,0,0,0,0,0,0,0,0,0,0,7,0,0,1,0,0,0,0,0,0,0,0,0,0,0,0,0,0,0,0,0,0,0,0,0,0,0,0,0,0,0,0,0,1,1,0,3,0,.27241001,.087200001,-.19999981,.099999905,.39448988,.27204245,.087169267,0,0,-.5,0,0,0,0,0,1,0,0
2003m3,2003,93.735802,82.226997,2.7848401,.22916,5.9000001,5.9000001,-.070051022,0,1.25,1.25,1,2.2142856,0,1.1509523,1.5738095,3.807143,1.25,1,1,0,0,1,1,1,0,0,0,7,0,0,0,1,0,0,0,0,0,0,0,0,0,0,0,1,0,0,0,0,0,0,0,0,0,0,0,1,1,1,0,0,1,1,0,3,0,.39526999,.27241001,.099999905,-.19999981,.22889216,.39448988,.27204245,0,0,0,-.5,0,0,0,0,1,0,0
2003m4,2003,93.065697,82.063004,-2.36729,-.19945,6,5.9000001,-.055,0,1.25,1.25,0,0,0,1.1523809,1.622381,3.9585714,1.25,0,0,0,0,0,0,0,0,0,0,7,0,0,0,0,1,0,0,0,0,0,0,0,0,0,0,0,0,0,0,0,0,0,0,0,0,0,0,0,0,0,0,0,1,1,0,3,0,.22916,.39526999,0,.099999905,-.19963953,.22889216,.39448988,0,0,0,0,-.5,0,0,0,1,0,0
2003m5,2003,93.091797,81.953003,-1.59671,-.13404,6.0999999,6,-.049560439,0,1.25,1.25,1,1.1923077,0,1.0880952,1.4152381,3.5690477,1.25,1,1,0,0,1,1,1,0,0,0,7,0,0,0,0,0,1,0,0,0,0,0,0,0,0,0,0,0,1,0,0,0,0,0,0,0,0,0,1,1,1,0,0,1,1,0,3,0,-.19945,.22916,.099999905,0,-.13413401,-.19963953,.22889216,0,0,0,0,0,0,0,0,1,0,0
2003m6,2003,93.247597,82.029999,1.13332,.093960002,6.3000002,6.0999999,-.29454118,-.25,1.25,1,1,5,0,.93619049,1.2271428,3.3342857,1.2,1,1,0,0,1,1,1,0,0,0,6,0,0,0,0,0,0,1,0,0,0,0,0,0,0,0,0,0,0,1,0,0,0,0,0,0,0,0,1,1,1,0,0,1,1,-.25,2,0,-.13404,-.19945,.099999905,.099999905,.093907118,-.13413401,-.19963953,0,0,0,0,0,0,0,1,0,0,0
2003m7,2003,93.658203,82.263,3.46227,.28404,6.1999998,6.3000002,-.0049999999,0,1,1,0,0,0,.92045456,1.4740909,3.9754546,1,0,0,0,0,0,0,0,0,0,0,7,0,0,0,0,0,0,0,1,0,0,0,0,0,0,0,0,0,0,0,0,0,0,0,0,0,-.25,0,0,0,0,0,0,1,1,0,3,0,.093960002,-.13404,.20000029,.099999905,.28364187,.093907118,-.13413401,-.25,0,0,0,0,0,0,0,1,0,0
2003m8,2003,93.524597,82.528999,3.94999,.32335001,6.0999999,6.1999998,.020071428,0,1,1,1,1.55,0,.96904761,1.8642857,4.4452381,1,1,1,0,0,0,1,1,0,0,0,7,0,0,0,0,0,0,0,0,1,0,0,0,0,0,0,0,0,0,0,0,1,0,0,0,0,0,0,0,1,1,0,0,1,1,0,3,0,.28404,.093960002,-.10000038,.20000029,.32283008,.28364187,.093907118,0,-.25,0,0,0,0,0,0,1,0,0
2003m9,2003,94.075104,82.773003,3.6061101,.29565001,6.0999999,6.0999999,.010190477,0,1,1,1,1.9375,0,.9552381,1.7061905,4.2742858,1,1,1,0,0,0,1,1,0,0,0,7,0,0,0,0,0,0,0,0,0,1,0,0,0,0,0,0,0,0,0,0,0,1,0,0,0,0,0,0,1,1,0,0,1,1,0,3,0,.32335001,.28404,-.099999905,-.10000038,.29522145,.32283008,.28364187,0,0,-.25,0,0,0,0,0,1,0,0
2003m10,2003,94.207901,82.766998,-.086949997,-.0072499998,6,6.0999999,.0356225,0,1,1,1,7.75,0,.94181818,1.7477273,4.2904544,1,1,1,0,0,0,1,1,0,0,0,7,0,0,0,0,0,0,0,0,0,0,1,0,0,0,0,0,0,0,0,0,0,0,1,0,0,0,0,0,1,1,0,0,1,1,0,3,0,.29565001,.32335001,0,-.099999905,-.0072542387,.29522145,.32283008,0,0,0,-.25,0,0,0,0,1,0,0
2003m11,2003,94.9338,82.870003,1.50361,.12445,5.8000002,6,.0099999998,0,1,1,0,0,0,.95222223,1.9266666,4.3000002,1,0,0,0,0,0,0,0,0,0,0,7,0,0,0,0,0,0,0,0,0,0,0,1,0,0,0,0,0,0,0,0,0,0,0,0,0,0,0,0,0,0,0,0,1,1,0,3,0,-.0072499998,.29565001,-.099999905,0,.12437374,-.0072542387,.29522145,0,0,0,0,-.25,0,0,0,1,0,0
2003m12,2003,94.866203,83.064003,2.84567,.2341,5.6999998,5.8000002,.011273292,0,1,1,1,1.3478261,0,.91454548,1.9072727,4.2677274,1,1,1,0,0,0,1,1,0,0,0,7,0,0,0,0,0,0,0,0,0,0,0,0,1,0,0,0,0,0,0,0,0,0,0,0,1,0,0,0,1,1,0,0,1,1,0,3,0,.12445,-.0072499998,-.19999981,-.099999905,.23382831,.12437374,-.0072542387,0,0,0,0,0,0,0,0,1,0,0
2004m1,2004,95.108498,83.412003,5.1449299,.41894999,5.6999998,5.6999998,-.005835,0,1,1,1,7.75,0,.9005,1.761,4.1504998,1,1,1,1,0,0,1,1,1,0,0,7,0,1,0,0,0,0,0,0,0,0,0,0,0,1,0,0,0,0,0,0,0,0,0,0,0,0,0,0,1,1,1,0,1,1,0,3,0,.2341,.12445,-.10000038,-.19999981,.41807836,.23382831,.12437374,0,0,0,0,0,0,0,0,1,0,0
2004m2,2004,95.6847,83.608002,2.8564701,.23498,5.5999999,5.6999998,0,0,1,1,0,0,0,.94473684,1.74,4.0842104,1,0,0,0,0,0,0,0,0,0,0,7,0,0,1,0,0,0,0,0,0,0,0,0,0,0,0,0,0,0,0,0,0,0,0,0,0,0,0,0,0,0,0,0,1,1,0,3,0,.41894999,.2341,0,-.10000038,.23470151,.41807836,.23382831,0,0,0,0,0,0,0,0,1,0,0
2004m3,2004,95.208801,83.746002,1.99875,.16506,5.8000002,5.5999999,.0052232142,0,1,1,1,1.9375,0,.95347828,1.5778261,3.8265216,1,0,1,0,0,0,0,1,0,0,0,7,0,0,0,1,0,0,0,0,0,0,0,0,0,0,0,1,0,0,0,0,0,0,0,0,0,0,0,0,0,1,0,0,1,1,0,3,0,.23498,.41894999,-.099999905,0,.16492049,.23470151,.41807836,0,0,0,0,0,0,0,0,1,0,0
2004m4,2004,95.638496,83.898003,2.1998899,.1815,5.5999999,5.8000002,0,0,1,1,0,0,0,.95809525,2.0709524,4.3476191,1,0,0,0,0,0,0,0,0,0,0,7,0,0,0,0,1,0,0,0,0,0,0,0,0,0,0,0,0,0,0,0,0,0,0,0,0,0,0,0,0,0,0,0,1,1,0,3,0,.16506,.23498,.20000029,-.099999905,.18133719,.16492049,.23470151,0,0,0,0,0,0,0,0,1,0,0
2004m5,2004,96.396599,84.171997,3.9902101,.32659,5.5999999,5.5999999,.018469388,0,1,1,1,1.1071428,0,1.0395,2.5335,4.7154999,1,0,1,1,0,0,0,1,1,0,0,7,0,0,0,0,0,1,0,0,0,0,0,0,0,0,0,0,0,1,0,0,0,0,0,0,0,0,0,0,0,1,1,0,1,1,0,3,0,.1815,.16506,-.20000029,.20000029,.32604831,.18133719,.16492049,0,0,0,0,0,0,0,0,1,0,0
2004m6,2004,95.601898,84.415001,3.5198801,.28869,5.5999999,5.5999999,.20999999,.25,1,1.25,1,30,0,1.2880952,2.7633333,4.7338095,1.0083333,0,1,1,0,0,0,1,1,1,0,9,0,0,0,0,0,0,1,0,0,0,0,0,0,0,0,0,0,0,1,0,0,0,0,0,0,0,0,0,0,1,1,1,1,1,.25,5,0,.32659,.1815,0,-.20000029,.28828323,.32604831,.18133719,0,0,0,0,0,0,0,0,0,1,0
2004m7,2004,96.338501,84.499001,1.20066,.099509999,5.5,5.5999999,.0099999998,0,1.25,1.25,0,0,0,1.357619,2.6385715,4.498095,1.25,0,0,0,0,0,0,0,0,0,0,7,0,0,0,0,0,0,0,1,0,0,0,0,0,0,0,0,0,0,0,0,0,0,0,0,0,.25,0,0,0,0,0,0,1,1,0,3,0,.28869,.32659,0,0,.099458471,.28828323,.32604831,.25,0,0,0,0,0,0,0,1,0,0
2004m8,2004,96.4095,84.545998,.66951001,.05562,5.4000001,5.5,.21987014,.25,1.25,1.5,1,1.4090909,0,1.5031818,2.5081818,4.2813635,1.4274193,0,1,1,0,0,0,1,1,1,0,9,0,0,0,0,0,0,0,0,1,0,0,0,0,0,0,0,0,0,0,0,1,0,0,0,0,0,0,0,0,1,1,1,1,1,.25,5,0,.099509999,.28869,-.099999905,0,.055603031,.099458471,.28828323,0,.25,0,0,0,0,0,0,0,1,0
2004m9,2004,96.4907,84.713997,2.4107299,.19870999,5.4000001,5.4000001,.20800012,.25,1.5,1.75,1,3,0,1.6814286,2.525238,4.1257143,1.5833334,0,1,1,0,0,0,1,1,0,0,9,0,0,0,0,0,0,0,0,0,1,0,0,0,0,0,0,0,0,0,0,0,1,0,0,0,.25,.25,0,0,1,1,0,1,1,.25,5,0,.05562,.099509999,-.099999905,-.099999905,.19851038,.055603031,.099458471,.25,0,.25,0,0,.25,0,0,0,1,0
2004m10,2004,97.409401,85.077003,5.2649398,.4285,5.5,5.4000001,-.0049999999,0,1.75,1.75,0,0,0,1.7945,2.5845001,4.0970001,1.75,0,0,0,0,0,0,0,0,0,0,7,0,0,0,0,0,0,0,0,0,0,1,0,0,0,0,0,0,0,0,0,0,0,0,0,0,.25,0,0,0,0,0,0,1,1,0,3,0,.19870999,.05562,0,-.099999905,.4275929,.19851038,.055603031,.25,.25,0,.25,0,0,0,0,1,0,0
2004m11,2004,97.613701,85.403,4.6963401,.38317999,5.4000001,5.5,.24013606,.25,1.75,2,1,1.4285715,0,2.1075001,2.852,4.1939998,1.925,0,1,1,0,0,0,1,1,0,0,9,0,0,0,0,0,0,0,0,0,0,0,1,0,0,0,0,0,0,0,0,0,0,0,1,0,0,0,0,0,1,1,0,1,1,.25,5,0,.4285,.19870999,.099999905,0,.38244578,.4275929,.19851038,0,.25,.25,0,.25,0,0,0,0,1,0
2004m12,2004,98.331802,85.445999,.60587001,.050349999,5.4000001,5.4000001,.21654762,.25,2,2.25,1,1.7222222,0,2.2227273,3.0118182,4.2309089,2.1451614,0,1,1,0,0,0,1,1,0,0,9,0,0,0,0,0,0,0,0,0,0,0,0,1,0,0,0,0,0,0,0,0,0,0,0,1,.25,.25,0,0,1,1,0,1,1,.25,5,0,.38317999,.4285,-.099999905,.099999905,.050335992,.38244578,.4275929,.25,0,.25,.25,0,.25,0,0,0,1,0
2005m1,2005,98.7845,85.556,1.55582,.12874,5.3000002,5.4000001,.0049999999,0,2.25,2.25,0,0,0,2.3710001,3.2225001,4.2214999,2.25,0,0,0,0,0,0,0,0,0,0,7,0,1,0,0,0,0,0,0,0,0,0,0,0,0,0,0,0,0,0,0,0,0,0,0,0,.25,0,0,0,0,0,0,1,1,0,3,0,.050349999,.38317999,0,-.099999905,.1286542,.050335992,.38244578,.25,.25,0,.25,.25,0,0,0,1,0,0
2005m2,2005,99.463898,85.791,3.3463399,.27467,5.4000001,5.3000002,.25132275,.25,2.25,2.5,1,1.037037,0,2.5794737,3.3847368,4.1652632,2.4910715,0,1,1,0,0,0,1,1,1,0,9,0,0,1,0,0,0,0,0,0,0,0,0,0,0,1,0,0,0,0,0,0,0,0,0,0,0,0,0,0,1,1,1,1,1,.25,5,0,.12874,.050349999,-.099999905,0,.27429807,.1286542,.050335992,0,.25,.25,0,.25,0,0,0,0,1,0
2005m3,2005,99.306099,86.038002,3.5101399,.28791001,5.1999998,5.4000001,.22850017,.25,2.5,2.75,1,3.0999999,0,2.7959092,3.7268181,4.4977274,2.5806451,0,0,1,0,0,0,0,1,1,0,9,0,0,0,1,0,0,0,0,0,0,0,0,0,0,0,1,0,0,0,0,0,0,0,0,0,.25,.25,0,0,0,1,1,1,1,.25,5,0,.27467,.12874,.099999905,-.099999905,.28749725,.27429807,.1286542,.25,0,.25,.25,0,.25,0,0,0,1,0
2005m4,2005,99.473396,86.265999,3.2267499,.26499999,5.1999998,5.1999998,.02,0,2.75,2.75,0,0,0,2.8366666,3.6538095,4.3409524,2.75,0,0,0,0,0,0,0,0,0,0,7,0,0,0,0,1,0,0,0,0,0,0,0,0,0,0,0,0,0,0,0,0,0,0,0,0,.25,0,0,0,0,0,0,1,1,0,3,0,.28791001,.27467,-.20000029,.099999905,.26464501,.28749725,.27429807,.25,.25,0,.25,.25,0,0,0,1,0,0
2005m5,2005,99.603302,86.307999,.58581001,.048689999,5.0999999,5.1999998,.24832512,.25,2.75,3,1,1.0689656,0,2.9019048,3.6438096,4.1442857,2.983871,0,0,1,0,0,0,0,1,1,0,9,0,0,0,0,0,1,0,0,0,0,0,0,0,0,0,0,0,1,0,0,0,0,0,0,0,0,0,0,0,0,1,1,1,1,.25,5,0,.26499999,.28791001,0,-.20000029,.048674561,.26464501,.28749725,0,.25,.25,0,.25,0,0,0,0,1,0
2005m6,2005,99.985298,86.357002,.68340999,.056770001,5,5.0999999,.33000001,.25,3,3.25,1,30,0,3.0363636,3.6404545,3.9981818,3.0083334,0,0,1,0,0,0,0,1,1,0,9,0,0,0,0,0,0,1,0,0,0,0,0,0,0,0,0,0,0,1,0,0,0,0,0,0,.25,.25,0,0,0,1,1,1,1,.25,5,0,.048689999,.26499999,-.099999905,0,.056761477,.048674561,.26464501,.25,0,.25,.25,0,.25,0,0,0,1,0
2005m7,2005,99.669197,86.722,5.1915498,.42265999,5,5,.0099999998,0,3.25,3.25,0,0,0,3.2874999,3.8710001,4.1774998,3.25,0,0,0,0,0,0,0,0,0,0,7,0,0,0,0,0,0,0,1,0,0,0,0,0,0,0,0,0,0,0,0,0,0,0,0,0,.25,0,0,0,0,0,0,1,1,0,3,0,.056770001,.048689999,-.099999905,-.099999905,.42177087,.056761477,.048674561,.25,.25,0,.25,.25,0,0,0,1,0,0
2005m8,2005,99.943497,87.069,4.9086399,.40013,4.9000001,5,.23034161,.25,3.25,3.5,1,1.3478261,0,3.518261,4.0443478,4.2626085,3.4354839,0,0,1,0,0,0,0,1,1,0,9,0,0,0,0,0,0,0,0,1,0,0,0,0,0,0,0,0,0,0,0,1,0,0,0,0,0,0,0,0,0,1,1,0,1,.25,5,0,.42265999,.056770001,0,-.099999905,.39933091,.42177087,.056761477,0,.25,.25,0,.25,0,0,0,0,1,0
2005m9,2005,98.077904,87.904999,12.15025,.96016002,5,4.9000001,.21987015,.25,3.5,3.75,1,2.7272727,0,3.4942858,3.9461904,4.1990476,3.5916667,0,1,1,0,0,0,1,1,0,0,9,0,0,0,0,0,0,0,0,0,1,0,0,0,0,0,0,0,0,0,0,0,1,0,0,0,.25,.25,0,0,1,1,0,0,1,.25,5,0,.40013,.42265999,-.099999905,0,.95557612,.39933091,.42177087,.25,0,.25,.25,0,.25,0,0,0,1,0
2005m10,2005,99.314903,88.038002,1.83078,.1513,5,5,.025,0,3.75,3.75,0,0,0,3.7925,4.2709999,4.4635,3.75,0,0,0,0,0,0,0,0,0,0,7,0,0,0,0,0,0,0,0,0,0,1,0,0,0,0,0,0,0,0,0,0,0,0,0,0,.25,0,0,0,0,0,0,0,1,0,3,0,.96016002,.40013,.099999905,-.099999905,.15118903,.95557612,.39933091,.25,.25,0,.25,.25,0,0,0,1,0,0
2005m11,2005,100.3216,87.849998,-2.53265,-.21354,5,5,.255,.25,3.75,4,1,1,0,3.9744999,4.4165001,4.5349998,4,0,1,1,0,0,0,1,1,1,0,9,0,0,0,0,0,0,0,0,0,0,0,1,0,0,0,0,0,0,0,0,0,0,0,1,0,0,0,0,0,1,1,1,0,1,.25,5,0,.1513,.96016002,0,.099999905,-.21377651,.15118903,.95557612,0,.25,.25,0,.25,0,0,0,0,1,0
2005m12,2005,100.9437,87.850998,.01366,.0011399999,4.9000001,5,.21300752,.25,4,4.25,1,1.6315789,0,3.9709523,4.4042859,4.4671431,4.1532259,0,0,1,0,0,0,0,1,0,0,9,0,0,0,0,0,0,0,0,0,0,0,0,1,0,0,0,0,0,0,0,0,0,0,0,1,.25,.25,0,0,0,1,0,0,1,.25,5,0,-.21354,.1513,0,0,.0011376722,-.21377651,.15118903,.25,0,.25,.25,0,.25,0,0,0,1,0
2006m1,2006,101.0627,88.278999,6.0054898,.48719001,4.6999998,4.9000001,.059999999,.25,4.25,4.5,1,31,0,4.336,4.3955002,4.4159999,4.2580647,0,0,1,0,0,0,0,1,0,0,9,0,1,0,0,0,0,0,0,0,0,0,0,0,1,0,0,0,0,0,0,0,0,0,0,0,.25,.25,0,0,0,1,0,0,1,.25,5,0,.0011399999,-.21354,-.099999905,0,.48600721,.0011376722,-.21377651,.25,.25,0,.25,.25,.25,0,0,0,1,0
2006m2,2006,101.0669,88.322998,.59974998,.04984,4.8000002,4.6999998,-.0049999999,0,4.5,4.5,0,0,0,4.5394735,4.6684213,4.5689473,4.5,0,0,0,0,0,0,0,0,0,0,7,0,0,1,0,0,0,0,0,0,0,0,0,0,0,0,0,0,0,0,0,0,0,0,0,0,.25,0,0,0,0,0,0,0,1,0,3,0,.48719001,.0011399999,-.20000029,-.099999905,.049828112,.48600721,.0011376722,.25,.25,.25,0,.25,0,0,0,1,0,0
2006m3,2006,101.2751,88.473,2.0571201,.16982999,4.6999998,4.8000002,.22560249,.25,4.5,4.75,1,7.75,0,4.6278262,4.7339129,4.7239132,4.532258,0,1,1,0,0,0,1,1,0,0,9,0,0,0,1,0,0,0,0,0,0,0,0,0,0,0,1,0,0,0,0,0,0,0,0,0,0,0,0,0,1,1,0,0,1,.25,5,0,.04984,.48719001,.10000038,-.20000029,.16968887,.049828112,.48600721,0,.25,.25,.25,0,0,0,0,0,1,0
2006m4,2006,101.6813,88.849998,5.2349801,.42612001,4.6999998,4.6999998,.015,0,4.75,4.75,0,0,0,4.7215791,4.8889475,4.9905262,4.75,0,0,0,0,0,0,0,0,0,0,7,0,0,0,0,1,0,0,0,0,0,0,0,0,0,0,0,0,0,0,0,0,0,0,0,0,.25,0,0,0,0,0,0,0,1,0,3,0,.16982999,.04984,-.10000038,.10000038,.42521214,.16968887,.049828112,.25,0,.25,.25,.25,0,0,0,1,0,0
2006m5,2006,101.579,89.07,3.0121,.24761,4.5999999,4.6999998,.26487014,.25,4.75,5,1,1.4090909,0,4.8363638,4.9681816,5.1100001,4.9274192,0,1,1,0,0,0,1,1,1,0,9,0,0,0,0,0,1,0,0,0,0,0,0,0,0,0,0,0,1,0,0,0,0,0,0,0,0,0,0,0,1,1,1,0,1,.25,5,0,.42612001,.16982999,0,-.10000038,.24730366,.42521214,.16968887,0,.25,0,.25,.25,0,0,0,0,1,0
2006m6,2006,101.9693,89.285004,2.93536,.24138001,4.5999999,4.5999999,.34099999,.25,5,5.25,1,15,0,4.9177275,5.1218181,5.1063638,5.0166669,0,1,1,0,0,0,1,1,1,0,9,0,0,0,0,0,0,1,0,0,0,0,0,0,0,0,0,0,0,1,0,0,0,0,0,0,.25,.25,0,0,1,1,1,0,1,.25,5,0,.24761,.42612001,-.099999905,0,.24109676,.24730366,.42521214,.25,0,.25,0,.25,.25,0,0,0,1,0
2006m7,2006,101.9319,89.600998,4.33073,.35392001,4.6999998,4.5999999,.0099999998,0,5.25,5.25,0,0,0,5.0764999,5.1185002,5.0875001,5.25,0,0,0,0,0,0,0,0,0,0,7,0,0,0,0,0,0,0,1,0,0,0,0,0,0,0,0,0,0,0,0,0,0,0,0,0,.25,0,0,0,0,0,0,0,1,0,3,0,.24138001,.24761,0,-.099999905,.35329157,.24109676,.24730366,.25,.25,0,.25,0,0,0,0,1,0,0
2006m8,2006,102.3327,89.885002,3.8705399,.31696001,4.6999998,4.6999998,.050595239,0,5.25,5.25,1,1.2916666,1,5.0904346,4.9034781,4.8765216,5.25,0,1,1,0,0,0,1,1,0,0,7,0,0,0,0,0,0,0,0,1,0,0,0,0,0,0,0,0,0,0,0,1,0,0,0,0,0,0,0,0,1,1,0,0,1,0,3,0,.35392001,.24138001,.099999905,0,.31646419,.35329157,.24109676,0,.25,.25,0,.25,0,0,0,1,0,0
2006m9,2006,102.1252,89.646004,-3.14449,-.26589999,4.5,4.6999998,.01974025,0,5.25,5.25,1,2.7272727,1,4.9299998,4.7690001,4.7189999,5.25,0,1,1,0,0,0,1,1,0,0,7,0,0,0,0,0,0,0,0,0,1,0,0,0,0,0,0,0,0,0,0,0,1,0,0,0,0,0,0,0,1,1,0,0,1,0,3,0,.31696001,.35392001,0,.099999905,-.26624766,.31646419,.35329157,0,0,.25,.25,0,0,0,0,1,0,0
2006m10,2006,102.0668,89.428001,-2.8794301,-.24318001,4.4000001,4.5,.023468941,0,5.25,5.25,1,4.4285712,1,5.0461903,4.7957144,4.7290478,5.25,0,1,1,0,0,0,1,1,0,0,7,0,0,0,0,0,0,0,0,0,0,1,0,0,0,0,0,0,0,0,0,0,0,1,0,0,0,0,0,0,1,1,0,0,1,0,3,0,-.26589999,.31696001,-.19999981,0,-.24347746,-.26624766,.31646419,0,0,0,.25,.25,0,0,0,1,0,0
2006m11,2006,101.9688,89.460999,.44371,.036899999,4.5,4.4000001,-.0049999999,0,5.25,5.25,0,0,1,5.0733333,4.7404761,4.5952382,5.25,0,0,0,0,0,0,0,0,0,0,7,0,0,0,0,0,0,0,0,0,0,0,1,0,0,0,0,0,0,0,0,0,0,0,0,0,0,0,0,0,0,0,0,0,1,0,3,0,-.24318001,-.26589999,-.099999905,-.19999981,.036891181,-.24347746,-.26624766,0,0,0,0,.25,0,0,0,1,0,0
2006m12,2006,103.0292,89.789001,4.4895,.36664,4.4000001,4.5,-.02125,0,5.25,5.25,1,1.55,1,4.973,4.6735001,4.5644999,5.25,0,1,1,0,0,0,1,1,0,0,7,0,0,0,0,0,0,0,0,0,0,0,0,1,0,0,0,0,0,0,0,0,0,0,0,1,0,0,0,0,1,1,0,0,1,0,3,0,.036899999,-.24318001,.099999905,-.099999905,.365973,.036891181,-.24347746,0,0,0,0,0,0,0,0,1,0,0
2007m1,2007,102.4933,90.109001,4.3615298,.35639,4.5999999,4.4000001,-.025,0,5.25,5.25,1,31,1,5.105238,4.8761907,4.7595239,5.25,0,1,1,0,0,0,1,1,0,0,7,0,1,0,0,0,0,0,0,0,0,0,0,0,1,0,0,0,0,0,0,0,0,0,0,0,0,0,0,0,1,1,0,0,1,0,3,0,.36664,.036899999,-.099999905,.099999905,.35575718,.365973,.036891181,0,0,0,0,0,0,0,0,1,0,0
2007m2,2007,103.5264,90.393997,3.8621299,.31628001,4.5,4.5999999,-.0049999999,0,5.25,5.25,0,0,1,5.1631579,4.8489475,4.7226315,5.25,0,0,0,0,0,0,0,0,0,0,7,0,0,1,0,0,0,0,0,0,0,0,0,0,0,0,0,0,0,0,0,0,0,0,0,0,0,0,0,0,0,0,0,0,1,0,3,0,.35639,.36664,.19999981,-.099999905,.3157801,.35575718,.365973,0,0,0,0,0,0,0,0,1,0,0
2007m3,2007,103.7521,90.714996,4.3455701,.35510999,4.4000001,4.5,-.0022077898,0,5.25,5.25,1,2.8181818,1,5.0799999,4.5736365,4.5645456,5.25,1,1,1,0,0,1,1,1,0,0,7,0,0,0,1,0,0,0,0,0,0,0,0,0,0,0,1,0,0,0,0,0,0,0,0,0,0,0,0,1,1,1,0,0,1,0,3,0,.31628001,.35639,-.099999905,.19999981,.35448211,.3157801,.35575718,0,0,0,0,0,0,0,0,1,0,0
2007m4,2007,104.4814,90.905998,2.5560601,.21055,4.5,4.4000001,0,0,5.25,5.25,0,0,1,5.0066667,4.6661906,4.6938095,5.25,0,0,0,0,0,0,0,0,0,0,7,0,0,0,0,1,0,0,0,0,0,0,0,0,0,0,0,0,0,0,0,0,0,0,0,0,0,0,0,0,0,0,0,0,1,0,3,0,.35510999,.31628001,-.099999905,-.099999905,.21033026,.35448211,.3157801,0,0,0,0,0,0,0,0,1,0,0
2007m5,2007,104.5322,91.160004,3.4049201,.27941,4.4000001,4.5,-.00077639753,0,5.25,5.25,1,1.3478261,1,4.8677273,4.7663636,4.7463636,5.25,1,1,1,0,0,1,1,1,0,0,7,0,0,0,0,0,1,0,0,0,0,0,0,0,0,0,0,0,1,0,0,0,0,0,0,0,0,0,0,1,1,1,0,0,1,0,3,0,.21055,.35510999,.099999905,-.099999905,.27902585,.21033026,.35448211,0,0,0,0,0,0,0,0,1,0,0
2007m6,2007,104.5617,91.351997,2.55691,.21062,4.5999999,4.4000001,.0020333333,0,5.25,5.25,1,10,1,4.7419047,4.9804764,5.1028571,5.25,1,1,1,0,0,1,1,1,0,0,7,0,0,0,0,0,0,1,0,0,0,0,0,0,0,0,0,0,0,1,0,0,0,0,0,0,0,0,0,1,1,1,0,0,1,0,3,0,.27941,.21055,-.099999905,.099999905,.21039031,.27902585,.21033026,0,0,0,0,0,0,0,0,1,0,0
2007m7,2007,104.5227,91.499001,1.9481699,.16091999,4.6999998,4.5999999,-.0049999999,0,5.25,5.25,0,0,1,4.9609523,4.8190475,5.0042858,5.25,0,0,0,0,0,0,0,0,0,0,7,0,0,0,0,0,0,0,1,0,0,0,0,0,0,0,0,0,0,0,0,0,0,0,0,0,0,0,0,0,0,0,0,0,1,0,3,0,.21062,.27941,.19999981,-.099999905,.16079016,.21039031,.27902585,0,0,0,0,0,0,0,0,1,0,0
2007m8,2007,104.7556,91.557999,.77653003,.064479999,4.5999999,4.6999998,-.031971429,0,5.25,5.25,1,1.24,1,4.3169565,4.3130436,4.6747828,5.25,1,1,1,0,0,1,1,1,0,0,7,0,0,0,0,0,0,0,0,1,0,0,0,0,0,0,0,0,0,0,0,1,0,0,0,0,0,0,0,1,1,1,0,0,1,0,3,0,.16091999,.21062,.099999905,.19999981,.064458735,.16079016,.21039031,0,0,0,0,0,0,0,0,1,0,0
2007m9,2007,105.1611,91.901001,4.5893002,.37463,4.6999998,4.5999999,-.37725276,-.5,5.25,4.75,1,2.3076923,1,3.9942105,4.011579,4.5215788,5.0333333,1,0,0,0,1,1,0,0,0,0,4,0,0,0,0,0,0,0,0,0,1,0,0,0,0,0,0,0,0,0,0,0,1,0,0,0,0,0,1,1,0,0,0,0,1,-.5,1,0,.064479999,.16091999,-.099999905,.099999905,.37392849,.064458735,.16079016,0,0,0,0,0,0,1,0,0,0,0
2007m10,2007,104.7171,92.162003,3.46176,.28400001,4.6999998,4.6999998,-.31999999,-.25,4.75,4.5,1,31,1,4.0027275,3.9677272,4.5277271,4.7419353,1,1,0,0,0,1,1,0,0,0,6,0,0,0,0,0,0,0,0,0,0,1,0,0,0,0,0,0,0,0,0,0,0,1,0,0,-.5,-.5,0,1,1,0,0,0,1,-.25,2,0,.37463,.064479999,.099999905,-.099999905,.28360045,.37392849,.064458735,-.5,0,0,0,0,-.5,0,1,0,0,0
2007m11,2007,105.3338,92.641998,6.4320402,.52082002,4.6999998,4.6999998,-.0049999999,0,4.5,4.5,0,0,1,3.3545001,3.3364999,4.1485,4.5,0,0,0,0,0,0,0,0,0,0,7,0,0,0,0,0,0,0,0,0,0,0,1,0,0,0,0,0,0,0,0,0,0,0,0,0,-.25,0,0,0,0,0,0,0,1,0,3,0,.28400001,.37463,0,.099999905,.5194658,.28360045,.37392849,-.25,-.5,0,0,0,0,0,0,1,0,0
2007m12,2007,105.3457,92.855003,2.7941699,.22992,5,4.6999998,-.3527551,-.25,4.5,4.25,1,1.4761904,1,3.0664999,3.1170001,4.0974998,4.3306451,1,1,0,0,1,0,1,0,0,0,6,0,0,0,0,0,0,0,0,0,0,0,0,1,0,0,0,0,0,0,0,0,0,0,0,1,0,0,1,0,1,0,0,0,1,-.25,2,0,.52082002,.28400001,0,0,.22965887,.5194658,.28360045,0,-.25,-.5,0,0,0,0,1,0,0,0
2008m1,2008,105.0619,93.101997,3.2391901,.26600999,5,5,7.4594998,-1.25,4.25,3,1,15.5,1,2.8199999,2.4757142,3.7442858,3.9758065,1,0,0,1,1,1,0,0,0,0,1,0,1,0,0,0,0,0,0,0,0,0,0,0,1,0,0,0,0,0,0,0,0,0,0,0,-.25,-.25,1,1,0,0,0,0,1,-.5,1,0,.22992,.52082002,.30000019,0,.26564655,.22965887,.5194658,-.25,0,-.25,-.5,0,-.25,1,0,0,0,0
2008m2,2008,104.7094,93.297997,2.5557201,.21052,4.9000001,5,-.045000002,0,3,3,0,0,1,2.174,1.973,3.7375,3,0,0,0,0,0,0,0,0,0,0,7,0,0,1,0,0,0,0,0,0,0,0,0,0,0,0,0,0,0,0,0,0,0,0,0,0,-1.25,0,0,0,0,0,0,0,1,0,3,0,.26600999,.22992,0,.30000019,.2102996,.26564655,.22965887,-1.25,-.25,0,-.25,-.5,0,0,0,1,0,0
2008m3,2008,104.4616,93.586998,3.78111,.30976,5.0999999,4.9000001,-.97515309,-.75,3,2.25,1,2.2142856,1,1.2835,1.617,3.51,2.6612904,1,0,0,1,1,1,0,0,0,0,3,0,0,0,1,0,0,0,0,0,0,0,0,0,0,0,1,0,0,0,0,0,0,0,0,0,0,0,1,1,0,0,0,0,1,-.5,1,0,.21052,.26600999,-.099999905,0,.30928293,.2102996,.26564655,0,-1.25,-.25,0,-.25,0,1,0,0,0,0
2008m4,2008,103.6704,93.785004,2.5685699,.21156999,5,5.0999999,-.43000001,-.25,2.25,2,1,30,1,1.3118181,2.0472727,3.675,2.2416666,1,1,0,0,1,1,1,0,0,0,6,0,0,0,0,1,0,0,0,0,0,0,0,0,0,0,0,1,0,0,0,0,0,0,0,0,-.75,-.75,1,1,1,0,0,0,1,-.25,2,0,.30976,.21052,.19999981,-.099999905,.21135041,.30928293,.2102996,-.75,0,-1.25,-.25,0,-.75,0,1,0,0,0
2008m5,2008,103.0863,94.206001,5.5218,.44890001,5.4000001,5,-.0049999999,0,2,2,0,0,1,1.7642857,2.4457142,3.8800001,2,0,0,0,0,0,0,0,0,0,0,7,0,0,0,0,0,1,0,0,0,0,0,0,0,0,0,0,0,0,0,0,0,0,0,0,0,-.25,0,0,0,0,0,0,0,1,0,3,0,.21156999,.30976,-.099999905,.19999981,.44789198,.21135041,.30928293,-.25,-.75,0,-1.25,-.25,0,0,0,1,0,0
2008m6,2008,102.8445,94.875999,8.8763704,.71121001,5.5999999,5.4000001,.10165451,0,2,2,1,5,1,1.8904762,2.7738094,4.099524,2,1,1,1,0,0,1,1,1,0,0,7,0,0,0,0,0,0,1,0,0,0,0,0,0,0,0,0,0,0,1,0,0,0,0,0,0,0,0,0,1,1,1,0,0,1,0,3,0,.44890001,.21156999,.4000001,-.099999905,.70868826,.44789198,.21135041,0,-.25,-.75,0,-1.25,0,0,0,1,0,0
2008m7,2008,102.3002,95.285004,5.2975001,.43109,5.8000002,5.5999999,.0099999998,0,2,2,0,0,1,1.655,2.5731819,4.0077271,2,0,0,0,0,0,0,0,0,0,0,7,0,0,0,0,0,0,0,1,0,0,0,0,0,0,0,0,0,0,0,0,0,0,0,0,0,0,0,0,0,0,0,0,0,1,0,3,0,.71121001,.44890001,.19999981,.4000001,.4301669,.70868826,.44789198,0,0,-.25,-.75,0,0,0,0,1,0,0
2008m8,2008,100.7353,95.204002,-1.01534,-.08501,6.0999999,5.8000002,.01436508,0,2,2,1,1.1481482,1,1.7528571,2.4204762,3.8857143,2,0,1,1,0,0,0,1,1,0,0,7,0,0,0,0,0,0,0,0,1,0,0,0,0,0,0,0,0,0,0,0,1,0,0,0,0,0,0,0,0,1,1,0,0,1,0,3,0,.43109,.71121001,.20000029,.19999981,-.085045628,.4301669,.70868826,0,0,0,-.25,-.75,0,0,0,1,0,0
2008m9,2008,96.3666,95.306999,1.30602,.10819,6.0999999,6.0999999,-.22828571,0,2,2,1,2,1,1.1466666,2.0761905,3.6861904,2,0,1,1,0,0,0,1,1,0,0,7,0,0,0,0,0,0,0,0,0,1,0,0,0,0,0,0,0,0,0,0,0,1,0,0,0,0,0,0,0,1,1,0,0,1,0,3,0,-.08501,.43109,.29999971,.20000029,.10812692,-.085045628,.4301669,0,0,0,0,-.25,0,0,0,1,0,0
2008m10,2008,97.283203,94.726997,-7.06318,-.60856003,6.5,6.0999999,.74623334,-1,2,1,1,10.333333,1,.68590909,1.6122727,3.814091,1.5645162,1,1,0,0,1,1,1,0,0,0,2,0,0,0,0,0,0,0,0,0,0,1,0,0,0,0,0,0,0,0,0,0,0,1,0,0,0,0,1,1,1,0,0,0,1,-.5,1,0,.10819,-.08501,0,.29999971,-.61042094,.10812692,-.085045628,0,0,0,0,0,0,1,0,0,0,0
2008m11,2008,96.060501,93.642998,-12.89995,-1.14434,6.8000002,6.5,-.33000001,0,1,1,0,0,1,.19388889,1.2127777,3.5266666,1,0,0,0,0,0,0,0,0,0,0,7,0,0,0,0,0,0,0,0,0,0,0,1,0,0,0,0,0,0,0,0,0,0,0,0,0,-1,0,0,0,0,0,0,0,1,0,3,0,-.60856003,.10819,.4000001,0,-1.1509387,-.61042094,.10812692,-1,0,0,0,0,0,0,0,1,0,0
2008m12,2008,93.252098,93.139,-6.2707701,-.53820997,7.3000002,6.8000002,-.73209822,,,,1,1.9375,1,.03409091,.82090908,2.4163637,1,1,0,0,0,1,1,0,0,0,0,13,0,0,0,0,0,0,0,0,0,0,0,0,1,0,0,0,0,0,0,0,0,0,0,0,1,0,0,1,1,0,0,0,0,1,.5,7,0,-1.14434,-.60856003,.30000019,.4000001,-.53966552,-1.1509387,-.61042094,0,-1,0,0,0,0,0,0,0,0,1
